dataset,condition,seed,corruption,severity,clean_bacc,corrupted_bacc,corrupted_error,BE,rBE,rBE_valid,rBE_small_denominator,alexnet_error,rBE_denominator
derma,pretrained,0,pixelate,1,0.7104744268353997,0.5761954925330325,0.4238045074669675,1.1307699476600963,2.570668120983626,True,False,0.5105118313063095,0.11193427158204838
derma,pretrained,0,pixelate,2,0.7104744268353997,0.6194112716201499,0.38058872837985014,1.1307699476600963,2.570668120983626,True,False,0.5105118313063095,0.11193427158204838
derma,pretrained,0,pixelate,3,0.7104744268353997,0.37610110848334416,0.6238988915166559,1.1307699476600963,2.570668120983626,True,False,0.5105118313063095,0.11193427158204838
derma,pretrained,0,pixelate,4,0.7104744268353997,0.25596456248637006,0.74403543751363,1.1307699476600963,2.570668120983626,True,False,0.5105118313063095,0.11193427158204838
derma,pretrained,0,pixelate,5,0.7104744268353997,0.2859703810466258,0.7140296189533741,1.1307699476600963,2.570668120983626,True,False,0.5105118313063095,0.11193427158204838
derma,pretrained,1,pixelate,1,0.7440463834561305,0.6807053998927357,0.3192946001072643,0.96042584773073,2.093685325349857,True,False,0.5105118313063095,0.11193427158204838
derma,pretrained,1,pixelate,2,0.7440463834561305,0.6534888383857183,0.34651116161428175,0.96042584773073,2.093685325349857,True,False,0.5105118313063095,0.11193427158204838
derma,pretrained,1,pixelate,3,0.7440463834561305,0.447184694181912,0.552815305818088,0.96042584773073,2.093685325349857,True,False,0.5105118313063095,0.11193427158204838
derma,pretrained,1,pixelate,4,0.7440463834561305,0.3786844752672844,0.6213155247327156,0.96042584773073,2.093685325349857,True,False,0.5105118313063095,0.11193427158204838
derma,pretrained,1,pixelate,5,0.7440463834561305,0.38839280047770114,0.6116071995222989,0.96042584773073,2.093685325349857,True,False,0.5105118313063095,0.11193427158204838
derma,pretrained,2,pixelate,1,0.684106628040369,0.5865094553507746,0.4134905446492254,1.1420048878535856,2.3863436186607423,True,False,0.5105118313063095,0.11193427158204838
derma,pretrained,2,pixelate,2,0.684106628040369,0.6390667497653527,0.3609332502346473,1.1420048878535856,2.3863436186607423,True,False,0.5105118313063095,0.11193427158204838
derma,pretrained,2,pixelate,3,0.684106628040369,0.35755986673122436,0.6424401332687757,1.1420048878535856,2.3863436186607423,True,False,0.5105118313063095,0.11193427158204838
derma,pretrained,2,pixelate,4,0.684106628040369,0.2326917842540783,0.7673082157459217,1.1420048878535856,2.3863436186607423,True,False,0.5105118313063095,0.11193427158204838
derma,pretrained,2,pixelate,5,0.684106628040369,0.26913711060411655,0.7308628893958835,1.1420048878535856,2.3863436186607423,True,False,0.5105118313063095,0.11193427158204838
derma,pretrained,3,pixelate,1,0.759823002459764,0.6885385006265977,0.3114614993734023,1.030639084014854,2.5548604963799884,True,False,0.5105118313063095,0.11193427158204838
derma,pretrained,3,pixelate,2,0.759823002459764,0.6322647971140855,0.36773520288591455,1.030639084014854,2.5548604963799884,True,False,0.5105118313063095,0.11193427158204838
derma,pretrained,3,pixelate,3,0.759823002459764,0.4283297345825577,0.5716702654174424,1.030639084014854,2.5548604963799884,True,False,0.5105118313063095,0.11193427158204838
derma,pretrained,3,pixelate,4,0.759823002459764,0.30161500550533143,0.6983849944946685,1.030639084014854,2.5548604963799884,True,False,0.5105118313063095,0.11193427158204838
derma,pretrained,3,pixelate,5,0.759823002459764,0.3184847311900247,0.6815152688099753,1.030639084014854,2.5548604963799884,True,False,0.5105118313063095,0.11193427158204838
derma,pretrained,4,pixelate,1,0.7342786555676982,0.6493705144403433,0.3506294855596567,1.0817926619619154,2.5599541987420986,True,False,0.5105118313063095,0.11193427158204838
derma,pretrained,4,pixelate,2,0.7342786555676982,0.6223248037146528,0.3776751962853472,1.0817926619619154,2.5599541987420986,True,False,0.5105118313063095,0.11193427158204838
derma,pretrained,4,pixelate,3,0.7342786555676982,0.38959102008488394,0.610408979915116,1.0817926619619154,2.5599541987420986,True,False,0.5105118313063095,0.11193427158204838
derma,pretrained,4,pixelate,4,0.7342786555676982,0.27549234843438036,0.7245076515656197,1.0817926619619154,2.5599541987420986,True,False,0.5105118313063095,0.11193427158204838
derma,pretrained,4,pixelate,5,0.7342786555676982,0.301881548566215,0.698118451433785,1.0817926619619154,2.5599541987420986,True,False,0.5105118313063095,0.11193427158204838
derma,scratch,0,pixelate,1,0.5642540763608883,0.5702590462168186,0.42974095378318145,0.87784067367666,0.11079829349345971,True,False,0.5105118313063095,0.11193427158204838
derma,scratch,0,pixelate,2,0.5642540763608883,0.5585217967374679,0.44147820326253207,0.87784067367666,0.11079829349345971,True,False,0.5105118313063095,0.11193427158204838
derma,scratch,0,pixelate,3,0.5642540763608883,0.5457538971224009,0.45424610287759914,0.87784067367666,0.11079829349345971,True,False,0.5105118313063095,0.11193427158204838
derma,scratch,0,pixelate,4,0.5642540763608883,0.5464131421516182,0.4535868578483818,0.87784067367666,0.11079829349345971,True,False,0.5105118313063095,0.11193427158204838
derma,scratch,0,pixelate,5,0.5642540763608883,0.5383118682025138,0.46168813179748625,0.87784067367666,0.11079829349345971,True,False,0.5105118313063095,0.11193427158204838
derma,scratch,1,pixelate,1,0.5453605518324164,0.5341401856632306,0.4658598143367694,0.9314107103979182,0.1863302364966946,True,False,0.5105118313063095,0.11193427158204838
derma,scratch,1,pixelate,2,0.5453605518324164,0.5360217260519378,0.46397827394806224,0.9314107103979182,0.1863302364966946,True,False,0.5105118313063095,0.11193427158204838
derma,scratch,1,pixelate,3,0.5453605518324164,0.5268609272126678,0.47313907278733225,0.9314107103979182,0.1863302364966946,True,False,0.5105118313063095,0.11193427158204838
derma,scratch,1,pixelate,4,0.5453605518324164,0.5052498831170541,0.4947501168829459,0.9314107103979182,0.1863302364966946,True,False,0.5105118313063095,0.11193427158204838
derma,scratch,1,pixelate,5,0.5453605518324164,0.5202463406373503,0.4797536593626497,0.9314107103979182,0.1863302364966946,True,False,0.5105118313063095,0.11193427158204838
derma,scratch,2,pixelate,1,0.5534051671878045,0.5456754459477243,0.4543245540522757,0.9140506389285031,0.17902321148539738,True,False,0.5105118313063095,0.11193427158204838
derma,scratch,2,pixelate,2,0.5534051671878045,0.5372788868520029,0.46272111314799713,0.9140506389285031,0.17902321148539738,True,False,0.5105118313063095,0.11193427158204838
derma,scratch,2,pixelate,3,0.5534051671878045,0.5294023620259292,0.47059763797407084,0.9140506389285031,0.17902321148539738,True,False,0.5105118313063095,0.11193427158204838
derma,scratch,2,pixelate,4,0.5534051671878045,0.5293810330505807,0.4706189669494193,0.9140506389285031,0.17902321148539738,True,False,0.5105118313063095,0.11193427158204838
derma,scratch,2,pixelate,5,0.5534051671878045,0.5250939441933011,0.47490605580669887,0.9140506389285031,0.17902321148539738,True,False,0.5105118313063095,0.11193427158204838
derma,scratch,3,pixelate,1,0.5595158868406569,0.5596890197465714,0.44031098025342863,0.8580887604037791,-0.021616691903651133,True,False,0.5105118313063095,0.11193427158204838
derma,scratch,3,pixelate,2,0.5595158868406569,0.559238012589239,0.440761987410761,0.8580887604037791,-0.021616691903651133,True,False,0.5105118313063095,0.11193427158204838
derma,scratch,3,pixelate,3,0.5595158868406569,0.568414428593873,0.43158557140612697,0.8580887604037791,-0.021616691903651133,True,False,0.5105118313063095,0.11193427158204838
derma,scratch,3,pixelate,4,0.5595158868406569,0.5651205005245474,0.43487949947545257,0.8580887604037791,-0.021616691903651133,True,False,0.5105118313063095,0.11193427158204838
derma,scratch,3,pixelate,5,0.5595158868406569,0.5572157160602976,0.44278428393970237,0.8580887604037791,-0.021616691903651133,True,False,0.5105118313063095,0.11193427158204838
derma,scratch,4,pixelate,1,0.5462305203322988,0.5394677034198639,0.46053229658013606,0.9204932803444585,0.14430996296125503,True,False,0.5105118313063095,0.11193427158204838
derma,scratch,4,pixelate,2,0.5462305203322988,0.5385562472912692,0.46144375270873084,0.9204932803444585,0.14430996296125503,True,False,0.5105118313063095,0.11193427158204838
derma,scratch,4,pixelate,3,0.5462305203322988,0.5375490646658453,0.4624509353341547,0.9204932803444585,0.14430996296125503,True,False,0.5105118313063095,0.11193427158204838
derma,scratch,4,pixelate,4,0.5462305203322988,0.5208947522583343,0.47910524774166574,0.9204932803444585,0.14430996296125503,True,False,0.5105118313063095,0.11193427158204838
derma,scratch,4,pixelate,5,0.5462305203322988,0.5139186810956791,0.48608131890432094,0.9204932803444585,0.14430996296125503,True,False,0.5105118313063095,0.11193427158204838
derma,pretrained,0,jpeg_compression,1,0.7104744268353997,0.43394971723239584,0.5660502827676042,1.426985039546346,4.980299224701947,True,False,0.47716296678659287,0.07858540706233175
derma,pretrained,0,jpeg_compression,2,0.7104744268353997,0.36392312002624,0.63607687997376,1.426985039546346,4.980299224701947,True,False,0.47716296678659287,0.07858540706233175
derma,pretrained,0,jpeg_compression,3,0.7104744268353997,0.2899153661529677,0.7100846338470324,1.426985039546346,4.980299224701947,True,False,0.47716296678659287,0.07858540706233175
derma,pretrained,0,jpeg_compression,4,0.7104744268353997,0.26944616739995136,0.7305538326000487,1.426985039546346,4.980299224701947,True,False,0.47716296678659287,0.07858540706233175
derma,pretrained,0,jpeg_compression,5,0.7104744268353997,0.23824355403835523,0.7617564459616448,1.426985039546346,4.980299224701947,True,False,0.47716296678659287,0.07858540706233175
derma,pretrained,1,jpeg_compression,1,0.7440463834561305,0.4567861209280068,0.5432138790719931,1.3836750971290013,5.1445289015333895,True,False,0.47716296678659287,0.07858540706233175
derma,pretrained,1,jpeg_compression,2,0.7440463834561305,0.3472250904382476,0.6527749095617523,1.3836750971290013,5.1445289015333895,True,False,0.47716296678659287,0.07858540706233175
derma,pretrained,1,jpeg_compression,3,0.7440463834561305,0.3214475375969049,0.6785524624030951,1.3836750971290013,5.1445289015333895,True,False,0.47716296678659287,0.07858540706233175
derma,pretrained,1,jpeg_compression,4,0.7440463834561305,0.2933526878985681,0.7066473121014318,1.3836750971290013,5.1445289015333895,True,False,0.47716296678659287,0.07858540706233175
derma,pretrained,1,jpeg_compression,5,0.7440463834561305,0.27999599106426537,0.7200040089357347,1.3836750971290013,5.1445289015333895,True,False,0.47716296678659287,0.07858540706233175
derma,pretrained,2,jpeg_compression,1,0.684106628040369,0.4930123524673748,0.5069876475326252,1.473961290983456,4.930003992564876,True,False,0.47716296678659287,0.07858540706233175
derma,pretrained,2,jpeg_compression,2,0.684106628040369,0.3690497175742022,0.6309502824257978,1.473961290983456,4.930003992564876,True,False,0.47716296678659287,0.07858540706233175
derma,pretrained,2,jpeg_compression,3,0.684106628040369,0.28207096102721885,0.7179290389727812,1.473961290983456,4.930003992564876,True,False,0.47716296678659287,0.07858540706233175
derma,pretrained,2,jpeg_compression,4,0.684106628040369,0.18068653072565555,0.8193134692743445,1.473961290983456,4.930003992564876,True,False,0.47716296678659287,0.07858540706233175
derma,pretrained,2,jpeg_compression,5,0.684106628040369,0.15858172553423608,0.8414182744657639,1.473961290983456,4.930003992564876,True,False,0.47716296678659287,0.07858540706233175
derma,pretrained,3,jpeg_compression,1,0.759823002459764,0.42941386805084075,0.5705861319491592,1.456374733641907,5.786711656995993,True,False,0.47716296678659287,0.07858540706233175
derma,pretrained,3,jpeg_compression,2,0.759823002459764,0.325248381662166,0.6747516183378339,1.456374733641907,5.786711656995993,True,False,0.47716296678659287,0.07858540706233175
derma,pretrained,3,jpeg_compression,3,0.759823002459764,0.29328228867646416,0.7067177113235359,1.456374733641907,5.786711656995993,True,False,0.47716296678659287,0.07858540706233175
derma,pretrained,3,jpeg_compression,4,0.759823002459764,0.2569345903699571,0.7430654096300429,1.456374733641907,5.786711656995993,True,False,0.47716296678659287,0.07858540706233175
derma,pretrained,3,jpeg_compression,5,0.759823002459764,0.22048042795253986,0.7795195720474601,1.456374733641907,5.786711656995993,True,False,0.47716296678659287,0.07858540706233175
derma,pretrained,4,jpeg_compression,1,0.7342786555676982,0.3981915004129144,0.6018084995870856,1.5036362405576635,5.748626901196936,True,False,0.47716296678659287,0.07858540706233175
derma,pretrained,4,jpeg_compression,2,0.7342786555676982,0.30955227936017743,0.6904477206398225,1.5036362405576635,5.748626901196936,True,False,0.47716296678659287,0.07858540706233175
derma,pretrained,4,jpeg_compression,3,0.7342786555676982,0.2715631045614565,0.7284368954385435,1.5036362405576635,5.748626901196936,True,False,0.47716296678659287,0.07858540706233175
derma,pretrained,4,jpeg_compression,4,0.7342786555676982,0.22631192436549114,0.7736880756345088,1.5036362405576635,5.748626901196936,True,False,0.47716296678659287,0.07858540706233175
derma,pretrained,4,jpeg_compression,5,0.7342786555676982,0.2069835437382914,0.7930164562617086,1.5036362405576635,5.748626901196936,True,False,0.47716296678659287,0.07858540706233175
derma,scratch,0,jpeg_compression,1,0.5642540763608883,0.5358271239649027,0.46417287603509727,1.0119550166931968,0.5996219418118521,True,False,0.47716296678659287,0.07858540706233175
derma,scratch,0,jpeg_compression,2,0.5642540763608883,0.5156986933702192,0.48430130662978077,1.0119550166931968,0.5996219418118521,True,False,0.47716296678659287,0.07858540706233175
derma,scratch,0,jpeg_compression,3,0.5642540763608883,0.529317287167696,0.470682712832304,1.0119550166931968,0.5996219418118521,True,False,0.47716296678659287,0.07858540706233175
derma,scratch,0,jpeg_compression,4,0.5642540763608883,0.5096676241528451,0.49033237584715494,1.0119550166931968,0.5996219418118521,True,False,0.47716296678659287,0.07858540706233175
derma,scratch,0,jpeg_compression,5,0.5642540763608883,0.4951519812448278,0.5048480187551723,1.0119550166931968,0.5996219418118521,True,False,0.47716296678659287,0.07858540706233175
derma,scratch,1,jpeg_compression,1,0.5453605518324164,0.527985972145668,0.472014027854332,1.0348468469724823,0.49819864739650416,True,False,0.47716296678659287,0.07858540706233175
derma,scratch,1,jpeg_compression,2,0.5453605518324164,0.5169445155917838,0.4830554844082162,1.0348468469724823,0.49819864739650416,True,False,0.47716296678659287,0.07858540706233175
derma,scratch,1,jpeg_compression,3,0.5453605518324164,0.5169661792667092,0.4830338207332908,1.0348468469724823,0.49819864739650416,True,False,0.47716296678659287,0.07858540706233175
derma,scratch,1,jpeg_compression,4,0.5453605518324164,0.5087117540513144,0.4912882459486856,1.0348468469724823,0.49819864739650416,True,False,0.47716296678659287,0.07858540706233175
derma,scratch,1,jpeg_compression,5,0.5453605518324164,0.46043862058881985,0.5395613794111802,1.0348468469724823,0.49819864739650416,True,False,0.47716296678659287,0.07858540706233175
derma,scratch,2,jpeg_compression,1,0.5534051671878045,0.5404168076196515,0.4595831923803485,1.0108765222191922,0.45502096281648313,True,False,0.47716296678659287,0.07858540706233175
derma,scratch,2,jpeg_compression,2,0.5534051671878045,0.5281675740304795,0.47183242596952046,1.0108765222191922,0.45502096281648313,True,False,0.47716296678659287,0.07858540706233175
derma,scratch,2,jpeg_compression,3,0.5534051671878045,0.5405753196055859,0.4594246803944141,1.0108765222191922,0.45502096281648313,True,False,0.47716296678659287,0.07858540706233175
derma,scratch,2,jpeg_compression,4,0.5534051671878045,0.5039601479723494,0.49603985202765055,1.0108765222191922,0.45502096281648313,True,False,0.47716296678659287,0.07858540706233175
derma,scratch,2,jpeg_compression,5,0.5534051671878045,0.4751159487868186,0.5248840512131814,1.0108765222191922,0.45502096281648313,True,False,0.47716296678659287,0.07858540706233175
derma,scratch,3,jpeg_compression,1,0.5595158868406569,0.5556458224262522,0.44435417757374784,0.9750210941145124,0.3150692439400182,True,False,0.47716296678659287,0.07858540706233175
derma,scratch,3,jpeg_compression,2,0.5595158868406569,0.5579468124604753,0.4420531875395247,0.9750210941145124,0.3150692439400182,True,False,0.47716296678659287,0.07858540706233175
derma,scratch,3,jpeg_compression,3,0.5595158868406569,0.5430046187514256,0.4569953812485744,0.9750210941145124,0.3150692439400182,True,False,0.47716296678659287,0.07858540706233175
derma,scratch,3,jpeg_compression,4,0.5595158868406569,0.5236449341942367,0.47635506580576326,0.9750210941145124,0.3150692439400182,True,False,0.47716296678659287,0.07858540706233175
derma,scratch,3,jpeg_compression,5,0.5595158868406569,0.49353802243165734,0.5064619775683427,0.9750210941145124,0.3150692439400182,True,False,0.47716296678659287,0.07858540706233175
derma,scratch,4,jpeg_compression,1,0.5462305203322988,0.547906130649203,0.452093869350797,1.0035544814892468,0.3192647972388606,True,False,0.47716296678659287,0.07858540706233175
derma,scratch,4,jpeg_compression,2,0.5462305203322988,0.5415797157170994,0.4584202842829006,1.0035544814892468,0.3192647972388606,True,False,0.47716296678659287,0.07858540706233175
derma,scratch,4,jpeg_compression,3,0.5462305203322988,0.5243271814893775,0.4756728185106225,1.0035544814892468,0.3192647972388606,True,False,0.47716296678659287,0.07858540706233175
derma,scratch,4,jpeg_compression,4,0.5462305203322988,0.5129114431463678,0.48708855685363217,1.0035544814892468,0.3192647972388606,True,False,0.47716296678659287,0.07858540706233175
derma,scratch,4,jpeg_compression,5,0.5462305203322988,0.4789803604010025,0.5210196395989974,1.0035544814892468,0.3192647972388606,True,False,0.47716296678659287,0.07858540706233175
derma,pretrained,0,gaussian_noise,1,0.7104744268353997,0.3532277680955705,0.6467722319044296,1.0083691982740155,1.3108251989256674,True,False,0.770161396521756,0.37158383679749485
derma,pretrained,0,gaussian_noise,2,0.7104744268353997,0.25017397136545677,0.7498260286345433,1.0083691982740155,1.3108251989256674,True,False,0.770161396521756,0.37158383679749485
derma,pretrained,0,gaussian_noise,3,0.7104744268353997,0.21863691743312905,0.7813630825668709,1.0083691982740155,1.3108251989256674,True,False,0.770161396521756,0.37158383679749485
derma,pretrained,0,gaussian_noise,4,0.7104744268353997,0.15217558079537796,0.847824419204622,1.0083691982740155,1.3108251989256674,True,False,0.770161396521756,0.37158383679749485
derma,pretrained,0,gaussian_noise,5,0.7104744268353997,0.14275061254927027,0.8572493874507298,1.0083691982740155,1.3108251989256674,True,False,0.770161396521756,0.37158383679749485
derma,pretrained,1,gaussian_noise,1,0.7440463834561305,0.432725502604156,0.567274497395844,0.9648265461672372,1.3109250064582907,True,False,0.770161396521756,0.37158383679749485
derma,pretrained,1,gaussian_noise,2,0.7440463834561305,0.31118400560764103,0.688815994392359,0.9648265461672372,1.3109250064582907,True,False,0.770161396521756,0.37158383679749485
derma,pretrained,1,gaussian_noise,3,0.7440463834561305,0.2541196211290569,0.7458803788709432,0.9648265461672372,1.3109250064582907,True,False,0.770161396521756,0.37158383679749485
derma,pretrained,1,gaussian_noise,4,0.7440463834561305,0.14396598743063965,0.8560340125693604,0.9648265461672372,1.3109250064582907,True,False,0.770161396521756,0.37158383679749485
derma,pretrained,1,gaussian_noise,5,0.7440463834561305,0.14264408224139768,0.8573559177586023,0.9648265461672372,1.3109250064582907,True,False,0.770161396521756,0.37158383679749485
derma,pretrained,2,gaussian_noise,1,0.684106628040369,0.30484062265959816,0.6951593773404019,0.9859770605159881,1.1934536812145005,True,False,0.770161396521756,0.37158383679749485
derma,pretrained,2,gaussian_noise,2,0.684106628040369,0.27529108047382134,0.7247089195261787,0.9859770605159881,1.1934536812145005,True,False,0.770161396521756,0.37158383679749485
derma,pretrained,2,gaussian_noise,3,0.684106628040369,0.2745197179001013,0.7254802820998987,0.9859770605159881,1.1934536812145005,True,False,0.770161396521756,0.37158383679749485
derma,pretrained,2,gaussian_noise,4,0.684106628040369,0.20089458098607285,0.7991054190139272,0.9859770605159881,1.1934536812145005,True,False,0.770161396521756,0.37158383679749485
derma,pretrained,2,gaussian_noise,5,0.684106628040369,0.14764664865336008,0.8523533513466399,0.9859770605159881,1.1934536812145005,True,False,0.770161396521756,0.37158383679749485
derma,pretrained,3,gaussian_noise,1,0.759823002459764,0.3886961121487525,0.6113038878512476,1.01342014737098,1.4541000574165028,True,False,0.770161396521756,0.37158383679749485
derma,pretrained,3,gaussian_noise,2,0.759823002459764,0.22951834339447133,0.7704816566055287,1.01342014737098,1.4541000574165028,True,False,0.770161396521756,0.37158383679749485
derma,pretrained,3,gaussian_noise,3,0.759823002459764,0.19336264951204196,0.806637350487958,1.01342014737098,1.4541000574165028,True,False,0.770161396521756,0.37158383679749485
derma,pretrained,3,gaussian_noise,4,0.759823002459764,0.14308037227500314,0.8569196277249969,1.01342014737098,1.4541000574165028,True,False,0.770161396521756,0.37158383679749485
derma,pretrained,3,gaussian_noise,5,0.759823002459764,0.14285714285714285,0.8571428571428572,1.01342014737098,1.4541000574165028,True,False,0.770161396521756,0.37158383679749485
derma,pretrained,4,gaussian_noise,1,0.7342786555676982,0.33786468793040036,0.6621353120695996,0.9988163081011064,1.355086977472497,True,False,0.770161396521756,0.37158383679749485
derma,pretrained,4,gaussian_noise,2,0.7342786555676982,0.26693826646451485,0.7330617335354852,0.9988163081011064,1.355086977472497,True,False,0.770161396521756,0.37158383679749485
derma,pretrained,4,gaussian_noise,3,0.7342786555676982,0.25175241980909285,0.7482475801909072,0.9988163081011064,1.355086977472497,True,False,0.770161396521756,0.37158383679749485
derma,pretrained,4,gaussian_noise,4,0.7342786555676982,0.1531968581506608,0.8468031418493391,0.9988163081011064,1.355086977472497,True,False,0.770161396521756,0.37158383679749485
derma,pretrained,4,gaussian_noise,5,0.7342786555676982,0.14399895406606816,0.8560010459339318,0.9988163081011064,1.355086977472497,True,False,0.770161396521756,0.37158383679749485
derma,scratch,0,gaussian_noise,1,0.5642540763608883,0.48250722409238456,0.5174927759076154,0.8673291496453959,0.6249935613382933,True,False,0.770161396521756,0.37158383679749485
derma,scratch,0,gaussian_noise,2,0.5642540763608883,0.3832702376664286,0.6167297623335715,0.8673291496453959,0.6249935613382933,True,False,0.770161396521756,0.37158383679749485
derma,scratch,0,gaussian_noise,3,0.5642540763608883,0.326648214149592,0.673351785850408,0.8673291496453959,0.6249935613382933,True,False,0.770161396521756,0.37158383679749485
derma,scratch,0,gaussian_noise,4,0.5642540763608883,0.29161177071844147,0.7083882292815585,0.8673291496453959,0.6249935613382933,True,False,0.770161396521756,0.37158383679749485
derma,scratch,0,gaussian_noise,5,0.5642540763608883,0.17604540769852783,0.8239545923014722,0.8673291496453959,0.6249935613382933,True,False,0.770161396521756,0.37158383679749485
derma,scratch,1,gaussian_noise,1,0.5453605518324164,0.5447718141181301,0.45522818588186986,0.8840403453037429,0.6087840114434371,True,False,0.770161396521756,0.37158383679749485
derma,scratch,1,gaussian_noise,2,0.5453605518324164,0.4205449284917325,0.5794550715082676,0.8840403453037429,0.6087840114434371,True,False,0.770161396521756,0.37158383679749485
derma,scratch,1,gaussian_noise,3,0.5453605518324164,0.3059312094253594,0.6940687905746405,0.8840403453037429,0.6087840114434371,True,False,0.770161396521756,0.37158383679749485
derma,scratch,1,gaussian_noise,4,0.5453605518324164,0.180229039149979,0.819770960850021,0.8840403453037429,0.6087840114434371,True,False,0.770161396521756,0.37158383679749485
derma,scratch,1,gaussian_noise,5,0.5453605518324164,0.14425427421126907,0.8557457257887309,0.8840403453037429,0.6087840114434371,True,False,0.770161396521756,0.37158383679749485
derma,scratch,2,gaussian_noise,1,0.5534051671878045,0.510171063752232,0.489828936247768,0.8980239061925133,0.6594164993901179,True,False,0.770161396521756,0.37158383679749485
derma,scratch,2,gaussian_noise,2,0.5534051671878045,0.4009638691594943,0.5990361308405057,0.8980239061925133,0.6594164993901179,True,False,0.770161396521756,0.37158383679749485
derma,scratch,2,gaussian_noise,3,0.5534051671878045,0.2761542078425855,0.7238457921574145,0.8980239061925133,0.6594164993901179,True,False,0.770161396521756,0.37158383679749485
derma,scratch,2,gaussian_noise,4,0.5534051671878045,0.2063296956146609,0.793670304385339,0.8980239061925133,0.6594164993901179,True,False,0.770161396521756,0.37158383679749485
derma,scratch,2,gaussian_noise,5,0.5534051671878045,0.14826443511528545,0.8517355648847146,0.8980239061925133,0.6594164993901179,True,False,0.770161396521756,0.37158383679749485
derma,scratch,3,gaussian_noise,1,0.5595158868406569,0.5152816309701796,0.48471836902982035,0.8688369399487972,0.6153673416799521,True,False,0.770161396521756,0.37158383679749485
derma,scratch,3,gaussian_noise,2,0.5595158868406569,0.41077931326637585,0.5892206867336242,0.8688369399487972,0.6153673416799521,True,False,0.770161396521756,0.37158383679749485
derma,scratch,3,gaussian_noise,3,0.5595158868406569,0.31116391377544533,0.6888360862245546,0.8688369399487972,0.6153673416799521,True,False,0.770161396521756,0.37158383679749485
derma,scratch,3,gaussian_noise,4,0.5595158868406569,0.24400713665569337,0.7559928633443066,0.8688369399487972,0.6153673416799521,True,False,0.770161396521756,0.37158383679749485
derma,scratch,3,gaussian_noise,5,0.5595158868406569,0.17304465022903262,0.8269553497709674,0.8688369399487972,0.6153673416799521,True,False,0.770161396521756,0.37158383679749485
derma,scratch,4,gaussian_noise,1,0.5462305203322988,0.4846363202980014,0.5153636797019986,0.8660488197795013,0.5738352094843746,True,False,0.770161396521756,0.37158383679749485
derma,scratch,4,gaussian_noise,2,0.5462305203322988,0.3709764264446434,0.6290235735553567,0.8660488197795013,0.5738352094843746,True,False,0.770161396521756,0.37158383679749485
derma,scratch,4,gaussian_noise,3,0.5462305203322988,0.32931548491877677,0.6706845150812233,0.8660488197795013,0.5738352094843746,True,False,0.770161396521756,0.37158383679749485
derma,scratch,4,gaussian_noise,4,0.5462305203322988,0.2563092041502669,0.7436907958497331,0.8660488197795013,0.5738352094843746,True,False,0.770161396521756,0.37158383679749485
derma,scratch,4,gaussian_noise,5,0.5462305203322988,0.223775721701315,0.776224278298685,0.8660488197795013,0.5738352094843746,True,False,0.770161396521756,0.37158383679749485
derma,pretrained,0,speckle_noise,1,0.7104744268353997,0.4165222796330613,0.5834777203669387,0.9913545137366763,1.276544428864546,True,False,0.7688784860204994,0.37030092629623823
derma,pretrained,0,speckle_noise,2,0.7104744268353997,0.256184486074805,0.743815513925195,0.9913545137366763,1.276544428864546,True,False,0.7688784860204994,0.37030092629623823
derma,pretrained,0,speckle_noise,3,0.7104744268353997,0.21724185882177463,0.7827581411782254,0.9913545137366763,1.276544428864546,True,False,0.7688784860204994,0.37030092629623823
derma,pretrained,0,speckle_noise,4,0.7104744268353997,0.15197009195263628,0.8480299080473637,0.9913545137366763,1.276544428864546,True,False,0.7688784860204994,0.37030092629623823
derma,pretrained,0,speckle_noise,5,0.7104744268353997,0.14692549536050303,0.853074504639497,0.9913545137366763,1.276544428864546,True,False,0.7688784860204994,0.37030092629623823
derma,pretrained,1,speckle_noise,1,0.7440463834561305,0.49859427510019694,0.5014057248998031,0.9360678575481286,1.252410641309539,True,False,0.7688784860204994,0.37030092629623823
derma,pretrained,1,speckle_noise,2,0.7440463834561305,0.32908902617361485,0.6709109738263852,0.9360678575481286,1.252410641309539,True,False,0.7688784860204994,0.37030092629623823
derma,pretrained,1,speckle_noise,3,0.7440463834561305,0.2633082857111873,0.7366917142888127,0.9360678575481286,1.252410641309539,True,False,0.7688784860204994,0.37030092629623823
derma,pretrained,1,speckle_noise,4,0.7440463834561305,0.1614293216667399,0.83857067833326,0.9360678575481286,1.252410641309539,True,False,0.7688784860204994,0.37030092629623823
derma,pretrained,1,speckle_noise,5,0.7440463834561305,0.14896690572797353,0.8510330942720264,0.9360678575481286,1.252410641309539,True,False,0.7688784860204994,0.37030092629623823
derma,pretrained,2,speckle_noise,1,0.684106628040369,0.35499124604108745,0.6450087539589126,0.9666095047734745,1.153958443792215,True,False,0.7688784860204994,0.37030092629623823
derma,pretrained,2,speckle_noise,2,0.684106628040369,0.27643055806898464,0.7235694419310154,0.9666095047734745,1.153958443792215,True,False,0.7688784860204994,0.37030092629623823
derma,pretrained,2,speckle_noise,3,0.684106628040369,0.27396221435556917,0.7260377856444309,0.9666095047734745,1.153958443792215,True,False,0.7688784860204994,0.37030092629623823
derma,pretrained,2,speckle_noise,4,0.684106628040369,0.21527833529217943,0.7847216647078206,0.9666095047734745,1.153958443792215,True,False,0.7688784860204994,0.37030092629623823
derma,pretrained,2,speckle_noise,5,0.684106628040369,0.16331138322591057,0.8366886167740895,0.9666095047734745,1.153958443792215,True,False,0.7688784860204994,0.37030092629623823
derma,pretrained,3,speckle_noise,1,0.759823002459764,0.4750591440542635,0.5249408559457365,0.9977786179956765,1.4231493313260433,True,False,0.7688784860204994,0.37030092629623823
derma,pretrained,3,speckle_noise,2,0.759823002459764,0.2192385971905766,0.7807614028094234,0.9977786179956765,1.4231493313260433,True,False,0.7688784860204994,0.37030092629623823
derma,pretrained,3,speckle_noise,3,0.759823002459764,0.1763085302721743,0.8236914697278257,0.9977786179956765,1.4231493313260433,True,False,0.7688784860204994,0.37030092629623823
derma,pretrained,3,speckle_noise,4,0.759823002459764,0.14681268962275373,0.8531873103772463,0.9977786179956765,1.4231493313260433,True,False,0.7688784860204994,0.37030092629623823
derma,pretrained,3,speckle_noise,5,0.759823002459764,0.14672847291952237,0.8532715270804776,0.9977786179956765,1.4231493313260433,True,False,0.7688784860204994,0.37030092629623823
derma,pretrained,4,speckle_noise,1,0.7342786555676982,0.4252600120327985,0.5747399879672015,0.9583910363310892,1.2723838131061946,True,False,0.7688784860204994,0.37030092629623823
derma,pretrained,4,speckle_noise,2,0.7342786555676982,0.275891076178654,0.7241089238213461,0.9583910363310892,1.2723838131061946,True,False,0.7688784860204994,0.37030092629623823
derma,pretrained,4,speckle_noise,3,0.7342786555676982,0.2779366211083063,0.7220633788916937,0.9583910363310892,1.2723838131061946,True,False,0.7688784860204994,0.37030092629623823
derma,pretrained,4,speckle_noise,4,0.7342786555676982,0.1913674752330063,0.8086325247669937,0.9583910363310892,1.2723838131061946,True,False,0.7688784860204994,0.37030092629623823
derma,pretrained,4,speckle_noise,5,0.7342786555676982,0.14511357029790833,0.8548864297020917,0.9583910363310892,1.2723838131061946,True,False,0.7688784860204994,0.37030092629623823
derma,scratch,0,speckle_noise,1,0.5642540763608883,0.5204719181225145,0.4795280818774855,0.8791789018973264,0.6487583539034486,True,False,0.7688784860204994,0.37030092629623823
derma,scratch,0,speckle_noise,2,0.5642540763608883,0.3447081061366871,0.6552918938633129,0.8791789018973264,0.6487583539034486,True,False,0.7688784860204994,0.37030092629623823
derma,scratch,0,speckle_noise,3,0.5642540763608883,0.3288924480845568,0.6711075519154432,0.8791789018973264,0.6487583539034486,True,False,0.7688784860204994,0.37030092629623823
derma,scratch,0,speckle_noise,4,0.5642540763608883,0.26375041440165076,0.7362495855983493,0.8791789018973264,0.6487583539034486,True,False,0.7688784860204994,0.37030092629623823
derma,scratch,0,speckle_noise,5,0.5642540763608883,0.16226839809468396,0.837731601905316,0.8791789018973264,0.6487583539034486,True,False,0.7688784860204994,0.37030092629623823
derma,scratch,1,speckle_noise,1,0.5453605518324164,0.558709845046447,0.44129015495355295,0.9063199499026726,0.654090890850193,True,False,0.7688784860204994,0.37030092629623823
derma,scratch,1,speckle_noise,2,0.5453605518324164,0.37880906833030836,0.6211909316696916,0.9063199499026726,0.654090890850193,True,False,0.7688784860204994,0.37030092629623823
derma,scratch,1,speckle_noise,3,0.5453605518324164,0.28423622754560995,0.71576377245439,0.9063199499026726,0.654090890850193,True,False,0.7688784860204994,0.37030092629623823
derma,scratch,1,speckle_noise,4,0.5453605518324164,0.14865602493321323,0.8513439750667868,0.9063199499026726,0.654090890850193,True,False,0.7688784860204994,0.37030092629623823
derma,scratch,1,speckle_noise,5,0.5453605518324164,0.145339279487713,0.854660720512287,0.9063199499026726,0.654090890850193,True,False,0.7688784860204994,0.37030092629623823
derma,scratch,2,speckle_noise,1,0.5534051671878045,0.5312101586947228,0.46878984130527723,0.9176302766372746,0.699299749545009,True,False,0.7688784860204994,0.37030092629623823
derma,scratch,2,speckle_noise,2,0.5534051671878045,0.3626586843409757,0.6373413156590243,0.9176302766372746,0.699299749545009,True,False,0.7688784860204994,0.37030092629623823
derma,scratch,2,speckle_noise,3,0.5534051671878045,0.2834860876500021,0.716513912349998,0.9176302766372746,0.699299749545009,True,False,0.7688784860204994,0.37030092629623823
derma,scratch,2,speckle_noise,4,0.5534051671878045,0.1501075522287509,0.8498924477712491,0.9176302766372746,0.699299749545009,True,False,0.7688784860204994,0.37030092629623823
derma,scratch,2,speckle_noise,5,0.5534051671878045,0.14480662794835003,0.85519337205165,0.9176302766372746,0.699299749545009,True,False,0.7688784860204994,0.37030092629623823
derma,scratch,3,speckle_noise,1,0.5595158868406569,0.5220475180543239,0.4779524819456761,0.8962164812940913,0.6713390123302059,True,False,0.7688784860204994,0.37030092629623823
derma,scratch,3,speckle_noise,2,0.5595158868406569,0.36255828173522797,0.637441718264772,0.8962164812940913,0.6713390123302059,True,False,0.7688784860204994,0.37030092629623823
derma,scratch,3,speckle_noise,3,0.5595158868406569,0.3129542034115094,0.6870457965884906,0.8962164812940913,0.6713390123302059,True,False,0.7688784860204994,0.37030092629623823
derma,scratch,3,speckle_noise,4,0.5595158868406569,0.2073561675319502,0.7926438324680498,0.8962164812940913,0.6713390123302059,True,False,0.7688784860204994,0.37030092629623823
derma,scratch,3,speckle_noise,5,0.5595158868406569,0.14967597284688808,0.850324027153112,0.8962164812940913,0.6713390123302059,True,False,0.7688784860204994,0.37030092629623823
derma,scratch,4,speckle_noise,1,0.5462305203322988,0.49955300394099394,0.5004469960590061,0.8553761326749204,0.5506624794082586,True,False,0.7688784860204994,0.37030092629623823
derma,scratch,4,speckle_noise,2,0.5462305203322988,0.3463616657411415,0.6536383342588585,0.8553761326749204,0.5506624794082586,True,False,0.7688784860204994,0.37030092629623823
derma,scratch,4,speckle_noise,3,0.5462305203322988,0.3190135612034747,0.6809864387965253,0.8553761326749204,0.5506624794082586,True,False,0.7688784860204994,0.37030092629623823
derma,scratch,4,speckle_noise,4,0.5462305203322988,0.2845367874354377,0.7154632125645624,0.8553761326749204,0.5506624794082586,True,False,0.7688784860204994,0.37030092629623823
derma,scratch,4,speckle_noise,5,0.5462305203322988,0.2621334523331391,0.7378665476668609,0.8553761326749204,0.5506624794082586,True,False,0.7688784860204994,0.37030092629623823
derma,pretrained,0,impulse_noise,1,0.7104744268353997,0.20832985497192305,0.791670145028077,1.0358347848830622,1.3434203136456446,True,False,0.7995552265467947,0.40097766682253355
derma,pretrained,0,impulse_noise,2,0.7104744268353997,0.18696393795202199,0.813036062047978,1.0358347848830622,1.3434203136456446,True,False,0.7995552265467947,0.40097766682253355
derma,pretrained,0,impulse_noise,3,0.7104744268353997,0.16776532289518717,0.8322346771048128,1.0358347848830622,1.3434203136456446,True,False,0.7995552265467947,0.40097766682253355
derma,pretrained,0,impulse_noise,4,0.7104744268353997,0.15186472553072003,0.8481352744692799,1.0358347848830622,1.3434203136456446,True,False,0.7995552265467947,0.40097766682253355
derma,pretrained,0,impulse_noise,5,0.7104744268353997,0.1440405781890117,0.8559594218109883,1.0358347848830622,1.3434203136456446,True,False,0.7995552265467947,0.40097766682253355
derma,pretrained,1,impulse_noise,1,0.7440463834561305,0.2363948445951791,0.7636051554048209,0.9813276426250317,1.318457542189754,True,False,0.7995552265467947,0.40097766682253355
derma,pretrained,1,impulse_noise,2,0.7440463834561305,0.2855411966012217,0.7144588033987783,0.9813276426250317,1.318457542189754,True,False,0.7995552265467947,0.40097766682253355
derma,pretrained,1,impulse_noise,3,0.7440463834561305,0.2493153471561144,0.7506846528438856,0.9813276426250317,1.318457542189754,True,False,0.7995552265467947,0.40097766682253355
derma,pretrained,1,impulse_noise,4,0.7440463834561305,0.16308283163551468,0.8369171683644854,0.9813276426250317,1.318457542189754,True,False,0.7995552265467947,0.40097766682253355
derma,pretrained,1,impulse_noise,5,0.7440463834561305,0.14253755193352508,0.857462448066475,0.9813276426250317,1.318457542189754,True,False,0.7995552265467947,0.40097766682253355
derma,pretrained,2,impulse_noise,1,0.684106628040369,0.3112627263636142,0.6887372736363858,0.9645720343350577,1.1355625940019323,True,False,0.7995552265467947,0.40097766682253355
derma,pretrained,2,impulse_noise,2,0.684106628040369,0.2818248654767149,0.7181751345232851,0.9645720343350577,1.1355625940019323,True,False,0.7995552265467947,0.40097766682253355
derma,pretrained,2,impulse_noise,3,0.684106628040369,0.2183416816187965,0.7816583183812035,0.9645720343350577,1.1355625940019323,True,False,0.7995552265467947,0.40097766682253355
derma,pretrained,2,impulse_noise,4,0.684106628040369,0.17329900998905123,0.8267009900109488,0.9645720343350577,1.1355625940019323,True,False,0.7995552265467947,0.40097766682253355
derma,pretrained,2,impulse_noise,5,0.684106628040369,0.15912865938447543,0.8408713406155246,0.9645720343350577,1.1355625940019323,True,False,0.7995552265467947,0.40097766682253355
derma,pretrained,3,impulse_noise,1,0.759823002459764,0.26584815615843765,0.7341518438415624,1.0062274219736083,1.4074534406507115,True,False,0.7995552265467947,0.40097766682253355
derma,pretrained,3,impulse_noise,2,0.759823002459764,0.24062658394983685,0.7593734160501632,1.0062274219736083,1.4074534406507115,True,False,0.7995552265467947,0.40097766682253355
derma,pretrained,3,impulse_noise,3,0.759823002459764,0.1823169373504944,0.8176830626495056,1.0062274219736083,1.4074534406507115,True,False,0.7995552265467947,0.40097766682253355
derma,pretrained,3,impulse_noise,4,0.759823002459764,0.14567920801556097,0.854320791984439,1.0062274219736083,1.4074534406507115,True,False,0.7995552265467947,0.40097766682253355
derma,pretrained,3,impulse_noise,5,0.759823002459764,0.14285714285714285,0.8571428571428572,1.0062274219736083,1.4074534406507115,True,False,0.7995552265467947,0.40097766682253355
derma,pretrained,4,impulse_noise,1,0.7342786555676982,0.2674804726688715,0.7325195273311285,0.9983374858632313,1.3280156335562445,True,False,0.7995552265467947,0.40097766682253355
derma,pretrained,4,impulse_noise,2,0.7342786555676982,0.24217048840641306,0.7578295115935869,0.9983374858632313,1.3280156335562445,True,False,0.7995552265467947,0.40097766682253355
derma,pretrained,4,impulse_noise,3,0.7342786555676982,0.15419521890490367,0.8458047810950964,0.9983374858632313,1.3280156335562445,True,False,0.7995552265467947,0.40097766682253355
derma,pretrained,4,impulse_noise,4,0.7342786555676982,0.1490271650547932,0.8509728349452068,0.9983374858632313,1.3280156335562445,True,False,0.7995552265467947,0.40097766682253355
derma,pretrained,4,impulse_noise,5,0.7342786555676982,0.19599688156735137,0.8040031184326486,0.9983374858632313,1.3280156335562445,True,False,0.7995552265467947,0.40097766682253355
derma,scratch,0,impulse_noise,1,0.5642540763608883,0.4392060604345836,0.5607939395654165,0.8560264157789137,0.6202202559802579,True,False,0.7995552265467947,0.40097766682253355
derma,scratch,0,impulse_noise,2,0.5642540763608883,0.3508636217716185,0.6491363782283814,0.8560264157789137,0.6202202559802579,True,False,0.7995552265467947,0.40097766682253355
derma,scratch,0,impulse_noise,3,0.5642540763608883,0.3174315506805169,0.682568449319483,0.8560264157789137,0.6202202559802579,True,False,0.7995552265467947,0.40097766682253355
derma,scratch,0,impulse_noise,4,0.5642540763608883,0.2929750271189378,0.7070249728810623,0.8560264157789137,0.6202202559802579,True,False,0.7995552265467947,0.40097766682253355
derma,scratch,0,impulse_noise,5,0.5642540763608883,0.17732176600359306,0.8226782339964069,0.8560264157789137,0.6202202559802579,True,False,0.7995552265467947,0.40097766682253355
derma,scratch,1,impulse_noise,1,0.5453605518324164,0.5108430170378365,0.4891569829621635,0.8896382383863776,0.6401240675175267,True,False,0.7995552265467947,0.40097766682253355
derma,scratch,1,impulse_noise,2,0.5453605518324164,0.3756595015034122,0.6243404984965878,0.8896382383863776,0.6401240675175267,True,False,0.7995552265467947,0.40097766682253355
derma,scratch,1,impulse_noise,3,0.5453605518324164,0.2482942068078855,0.7517057931921145,0.8896382383863776,0.6401240675175267,True,False,0.7995552265467947,0.40097766682253355
derma,scratch,1,impulse_noise,4,0.5453605518324164,0.1652287952636878,0.8347712047363122,0.8896382383863776,0.6401240675175267,True,False,0.7995552265467947,0.40097766682253355
derma,scratch,1,impulse_noise,5,0.5453605518324164,0.14339996319862092,0.8566000368013791,0.8896382383863776,0.6401240675175267,True,False,0.7995552265467947,0.40097766682253355
derma,scratch,2,impulse_noise,1,0.5534051671878045,0.46902858599863323,0.5309714140013668,0.8917792137541336,0.6644557054311752,True,False,0.7995552265467947,0.40097766682253355
derma,scratch,2,impulse_noise,2,0.5534051671878045,0.3738508688304307,0.6261491311695693,0.8917792137541336,0.6644557054311752,True,False,0.7995552265467947,0.40097766682253355
derma,scratch,2,impulse_noise,3,0.5534051671878045,0.25479008975379075,0.7452099102462093,0.8917792137541336,0.6644557054311752,True,False,0.7995552265467947,0.40097766682253355
derma,scratch,2,impulse_noise,4,0.5534051671878045,0.1937629397969305,0.8062370602030695,0.8917792137541336,0.6644557054311752,True,False,0.7995552265467947,0.40097766682253355
derma,scratch,2,impulse_noise,5,0.5534051671878045,0.14343385920567128,0.8565661407943287,0.8917792137541336,0.6644557054311752,True,False,0.7995552265467947,0.40097766682253355
derma,scratch,3,impulse_noise,1,0.5595158868406569,0.499028731150621,0.500971268849379,0.8613546942592908,0.6190283277201719,True,False,0.7995552265467947,0.40097766682253355
derma,scratch,3,impulse_noise,2,0.5595158868406569,0.3583487839381503,0.6416512160618497,0.8613546942592908,0.6190283277201719,True,False,0.7995552265467947,0.40097766682253355
derma,scratch,3,impulse_noise,3,0.5595158868406569,0.3082488601580247,0.6917511398419753,0.8613546942592908,0.6190283277201719,True,False,0.7995552265467947,0.40097766682253355
derma,scratch,3,impulse_noise,4,0.5595158868406569,0.21584665569238554,0.7841533443076145,0.8613546942592908,0.6190283277201719,True,False,0.7995552265467947,0.40097766682253355
derma,scratch,3,impulse_noise,5,0.5595158868406569,0.17502373053265713,0.8249762694673428,0.8613546942592908,0.6190283277201719,True,False,0.7995552265467947,0.40097766682253355
derma,scratch,4,impulse_noise,1,0.5462305203322988,0.43128108141036947,0.5687189185896305,0.8666628838673242,0.5964804989710084,True,False,0.7995552265467947,0.40097766682253355
derma,scratch,4,impulse_noise,2,0.5462305203322988,0.3378829513282674,0.6621170486717326,0.8666628838673242,0.5964804989710084,True,False,0.7995552265467947,0.40097766682253355
derma,scratch,4,impulse_noise,3,0.5462305203322988,0.30624798171276607,0.6937520182872339,0.8666628838673242,0.5964804989710084,True,False,0.7995552265467947,0.40097766682253355
derma,scratch,4,impulse_noise,4,0.5462305203322988,0.25881438234124693,0.741185617658753,0.8666628838673242,0.5964804989710084,True,False,0.7995552265467947,0.40097766682253355
derma,scratch,4,impulse_noise,5,0.5462305203322988,0.20104941095616566,0.7989505890438343,0.8666628838673242,0.5964804989710084,True,False,0.7995552265467947,0.40097766682253355
derma,pretrained,0,shot_noise,1,0.7104744268353997,0.23660331151247968,0.7633966884875203,0.987143371359194,1.2230328285561871,True,False,0.8391552104792783,0.4405776507550172
derma,pretrained,0,shot_noise,2,0.7104744268353997,0.17359384662180583,0.8264061533781941,0.987143371359194,1.2230328285561871,True,False,0.8391552104792783,0.4405776507550172
derma,pretrained,0,shot_noise,3,0.7104744268353997,0.15841091523518466,0.8415890847648153,0.987143371359194,1.2230328285561871,True,False,0.8391552104792783,0.4405776507550172
derma,pretrained,0,shot_noise,4,0.7104744268353997,0.14563409657760637,0.8543659034223936,0.987143371359194,1.2230328285561871,True,False,0.8391552104792783,0.4405776507550172
derma,pretrained,0,shot_noise,5,0.7104744268353997,0.14392531222217925,0.8560746877778207,0.987143371359194,1.2230328285561871,True,False,0.8391552104792783,0.4405776507550172
derma,pretrained,1,shot_noise,1,0.7440463834561305,0.31631961656568713,0.6836803834343128,0.9652910358731885,1.2576111949585698,True,False,0.8391552104792783,0.4405776507550172
derma,pretrained,1,shot_noise,2,0.7440463834561305,0.18683898500121093,0.8131610149987891,0.9652910358731885,1.2576111949585698,True,False,0.8391552104792783,0.4405776507550172
derma,pretrained,1,shot_noise,3,0.7440463834561305,0.16064804165398736,0.8393519583460126,0.9652910358731885,1.2576111949585698,True,False,0.8391552104792783,0.4405776507550172
derma,pretrained,1,shot_noise,4,0.7440463834561305,0.14329773232021403,0.856702267679786,0.9652910358731885,1.2576111949585698,True,False,0.8391552104792783,0.4405776507550172
derma,pretrained,1,shot_noise,5,0.7440463834561305,0.14275061254927027,0.8572493874507298,0.9652910358731885,1.2576111949585698,True,False,0.8391552104792783,0.4405776507550172
derma,pretrained,2,shot_noise,1,0.684106628040369,0.27547724861355344,0.7245227513864465,0.9302531824717379,1.0548275255906554,True,False,0.8391552104792783,0.4405776507550172
derma,pretrained,2,shot_noise,2,0.684106628040369,0.26909281517130557,0.7309071848286944,0.9302531824717379,1.0548275255906554,True,False,0.8391552104792783,0.4405776507550172
derma,pretrained,2,shot_noise,3,0.684106628040369,0.24537988738187375,0.7546201126181262,0.9302531824717379,1.0548275255906554,True,False,0.8391552104792783,0.4405776507550172
derma,pretrained,2,shot_noise,4,0.684106628040369,0.16138886294031204,0.8386111370596879,0.9302531824717379,1.0548275255906554,True,False,0.8391552104792783,0.4405776507550172
derma,pretrained,2,shot_noise,5,0.684106628040369,0.14552716021250647,0.8544728397874936,0.9302531824717379,1.0548275255906554,True,False,0.8391552104792783,0.4405776507550172
derma,pretrained,3,shot_noise,1,0.759823002459764,0.20383024273166586,0.7961697572683342,1.005350262013614,1.3697197580291103,True,False,0.8391552104792783,0.4405776507550172
derma,pretrained,3,shot_noise,2,0.759823002459764,0.14496251049505934,0.8550374895049406,1.005350262013614,1.3697197580291103,True,False,0.8391552104792783,0.4405776507550172
derma,pretrained,3,shot_noise,3,0.759823002459764,0.14726840743182873,0.8527315925681713,1.005350262013614,1.3697197580291103,True,False,0.8391552104792783,0.4405776507550172
derma,pretrained,3,shot_noise,4,0.759823002459764,0.14285714285714285,0.8571428571428572,1.005350262013614,1.3697197580291103,True,False,0.8391552104792783,0.4405776507550172
derma,pretrained,3,shot_noise,5,0.759823002459764,0.14285714285714285,0.8571428571428572,1.005350262013614,1.3697197580291103,True,False,0.8391552104792783,0.4405776507550172
derma,pretrained,4,shot_noise,1,0.7342786555676982,0.28607184018513704,0.713928159814863,0.9593959454952389,1.2242127153259363,True,False,0.8391552104792783,0.4405776507550172
derma,pretrained,4,shot_noise,2,0.7342786555676982,0.2171588864971272,0.7828411135028728,0.9593959454952389,1.2242127153259363,True,False,0.8391552104792783,0.4405776507550172
derma,pretrained,4,shot_noise,3,0.7342786555676982,0.18574856389284417,0.8142514361071558,0.9593959454952389,1.2242127153259363,True,False,0.8391552104792783,0.4405776507550172
derma,pretrained,4,shot_noise,4,0.7342786555676982,0.14424445800284727,0.8557555419971528,0.9593959454952389,1.2242127153259363,True,False,0.8391552104792783,0.4405776507550172
derma,pretrained,4,shot_noise,5,0.7342786555676982,0.14136571854692662,0.8586342814530734,0.9593959454952389,1.2242127153259363,True,False,0.8391552104792783,0.4405776507550172
derma,scratch,0,shot_noise,1,0.5642540763608883,0.34808523923928963,0.6519147607607103,0.8799250457437303,0.6869339895233223,True,False,0.8391552104792783,0.4405776507550172
derma,scratch,0,shot_noise,2,0.5642540763608883,0.31414089495472913,0.6858591050452709,0.8799250457437303,0.6869339895233223,True,False,0.8391552104792783,0.4405776507550172
derma,scratch,0,shot_noise,3,0.5642540763608883,0.2910943633942935,0.7089056366057065,0.8799250457437303,0.6869339895233223,True,False,0.8391552104792783,0.4405776507550172
derma,scratch,0,shot_noise,4,0.5642540763608883,0.21184375591708623,0.7881562440829137,0.8799250457437303,0.6869339895233223,True,False,0.8391552104792783,0.4405776507550172
derma,scratch,0,shot_noise,5,0.5642540763608883,0.14286731165925798,0.857132688340742,0.8799250457437303,0.6869339895233223,True,False,0.8391552104792783,0.4405776507550172
derma,scratch,1,shot_noise,1,0.5453605518324164,0.35776966522511916,0.6422303347748808,0.9504222213119673,0.7783243439924727,True,False,0.8391552104792783,0.4405776507550172
derma,scratch,1,shot_noise,2,0.5453605518324164,0.20320193589192864,0.7967980641080714,0.9504222213119673,0.7783243439924727,True,False,0.8391552104792783,0.4405776507550172
derma,scratch,1,shot_noise,3,0.5453605518324164,0.16415738823176146,0.8358426117682385,0.9504222213119673,0.7783243439924727,True,False,0.8391552104792783,0.4405776507550172
derma,scratch,1,shot_noise,4,0.5453605518324164,0.14361445695752134,0.8563855430424787,0.9504222213119673,0.7783243439924727,True,False,0.8391552104792783,0.4405776507550172
derma,scratch,1,shot_noise,5,0.5453605518324164,0.14349775784753363,0.8565022421524664,0.9504222213119673,0.7783243439924727,True,False,0.8391552104792783,0.4405776507550172
derma,scratch,2,shot_noise,1,0.5534051671878045,0.3516844824346007,0.6483155175653993,0.9334644653245078,0.7642846533070182,True,False,0.8391552104792783,0.4405776507550172
derma,scratch,2,shot_noise,2,0.5534051671878045,0.23610938716640156,0.7638906128335985,0.9334644653245078,0.7642846533070182,True,False,0.8391552104792783,0.4405776507550172
derma,scratch,2,shot_noise,3,0.5534051671878045,0.20250958431573993,0.79749041568426,0.9334644653245078,0.7642846533070182,True,False,0.8391552104792783,0.4405776507550172
derma,scratch,2,shot_noise,4,0.5534051671878045,0.15055114477816098,0.849448855221839,0.9334644653245078,0.7642846533070182,True,False,0.8391552104792783,0.4405776507550172
derma,scratch,2,shot_noise,5,0.5534051671878045,0.14253755193352508,0.857462448066475,0.9334644653245078,0.7642846533070182,True,False,0.8391552104792783,0.4405776507550172
derma,scratch,3,shot_noise,1,0.5595158868406569,0.3605460878820176,0.6394539121179824,0.896907988028769,0.7085264034172751,True,False,0.8391552104792783,0.4405776507550172
derma,scratch,3,shot_noise,2,0.5595158868406569,0.28032957208593917,0.7196704279140609,0.896907988028769,0.7085264034172751,True,False,0.8391552104792783,0.4405776507550172
derma,scratch,3,shot_noise,3,0.5595158868406569,0.24780854946524994,0.75219145053475,0.896907988028769,0.7085264034172751,True,False,0.8391552104792783,0.4405776507550172
derma,scratch,3,shot_noise,4,0.5595158868406569,0.20437704844306587,0.7956229515569342,0.896907988028769,0.7085264034172751,True,False,0.8391552104792783,0.4405776507550172
derma,scratch,3,shot_noise,5,0.5595158868406569,0.1437136847495893,0.8562863152504108,0.896907988028769,0.7085264034172751,True,False,0.8391552104792783,0.4405776507550172
derma,scratch,4,shot_noise,1,0.5462305203322988,0.33694405251399523,0.6630559474860047,0.8677529818394917,0.6228412993296027,True,False,0.8391552104792783,0.4405776507550172
derma,scratch,4,shot_noise,2,0.5462305203322988,0.2889277143831047,0.7110722856168953,0.8677529818394917,0.6228412993296027,True,False,0.8391552104792783,0.4405776507550172
derma,scratch,4,shot_noise,3,0.5462305203322988,0.26979782745381803,0.730202172546182,0.8677529818394917,0.6228412993296027,True,False,0.8391552104792783,0.4405776507550172
derma,scratch,4,shot_noise,4,0.5462305203322988,0.25178097120839443,0.7482190287916055,0.8677529818394917,0.6228412993296027,True,False,0.8391552104792783,0.4405776507550172
derma,scratch,4,shot_noise,5,0.5462305203322988,0.21165225384298772,0.7883477461570123,0.8677529818394917,0.6228412993296027,True,False,0.8391552104792783,0.4405776507550172
derma,pretrained,0,defocus_blur,1,0.7104744268353997,0.23973421161094968,0.7602657883890503,1.161906961529841,1.736206402917173,True,False,0.7008318467374395,0.30225428701317836
derma,pretrained,0,defocus_blur,2,0.7104744268353997,0.20753413660055012,0.7924658633994499,1.161906961529841,1.736206402917173,True,False,0.7008318467374395,0.30225428701317836
derma,pretrained,0,defocus_blur,3,0.7104744268353997,0.17158378532489535,0.8284162146751046,1.161906961529841,1.736206402917173,True,False,0.7008318467374395,0.30225428701317836
derma,pretrained,0,defocus_blur,4,0.7104744268353997,0.15865453234989643,0.8413454676501035,1.161906961529841,1.736206402917173,True,False,0.7008318467374395,0.30225428701317836
derma,pretrained,0,defocus_blur,5,0.7104744268353997,0.15098632618348098,0.849013673816519,1.161906961529841,1.736206402917173,True,False,0.7008318467374395,0.30225428701317836
derma,pretrained,1,defocus_blur,1,0.7440463834561305,0.3044131870512253,0.6955868129487748,1.0906668901270127,1.6820951631930285,True,False,0.7008318467374395,0.30225428701317836
derma,pretrained,1,defocus_blur,2,0.7440463834561305,0.24546221097919693,0.754537789020803,1.0906668901270127,1.6820951631930285,True,False,0.7008318467374395,0.30225428701317836
derma,pretrained,1,defocus_blur,3,0.7440463834561305,0.226607950494997,0.7733920495050031,1.0906668901270127,1.6820951631930285,True,False,0.7008318467374395,0.30225428701317836
derma,pretrained,1,defocus_blur,4,0.7440463834561305,0.21414717097559258,0.7858528290244075,1.0906668901270127,1.6820951631930285,True,False,0.7008318467374395,0.30225428701317836
derma,pretrained,1,defocus_blur,5,0.7440463834561305,0.18749902658351747,0.8125009734164825,1.0906668901270127,1.6820951631930285,True,False,0.7008318467374395,0.30225428701317836
derma,pretrained,2,defocus_blur,1,0.684106628040369,0.26788292877125375,0.7321170712287463,1.157286194791909,1.6382551726008678,True,False,0.7008318467374395,0.30225428701317836
derma,pretrained,2,defocus_blur,2,0.684106628040369,0.1962984275428569,0.8037015724571431,1.157286194791909,1.6382551726008678,True,False,0.7008318467374395,0.30225428701317836
derma,pretrained,2,defocus_blur,3,0.684106628040369,0.1714738654163177,0.8285261345836823,1.157286194791909,1.6382551726008678,True,False,0.7008318467374395,0.30225428701317836
derma,pretrained,2,defocus_blur,4,0.684106628040369,0.1610092777539692,0.8389907222460308,1.157286194791909,1.6382551726008678,True,False,0.7008318467374395,0.30225428701317836
derma,pretrained,2,defocus_blur,5,0.684106628040369,0.14802039501681358,0.8519796049831865,1.157286194791909,1.6382551726008678,True,False,0.7008318467374395,0.30225428701317836
derma,pretrained,3,defocus_blur,1,0.759823002459764,0.2863664006880145,0.7136335993119856,1.1260026519466293,1.8162241001757555,True,False,0.7008318467374395,0.30225428701317836
derma,pretrained,3,defocus_blur,2,0.759823002459764,0.22197393736602591,0.7780260626339741,1.1260026519466293,1.8162241001757555,True,False,0.7008318467374395,0.30225428701317836
derma,pretrained,3,defocus_blur,3,0.759823002459764,0.19095727140280847,0.8090427285971915,1.1260026519466293,1.8162241001757555,True,False,0.7008318467374395,0.30225428701317836
derma,pretrained,3,defocus_blur,4,0.759823002459764,0.18750958279997493,0.8124904172000251,1.1260026519466293,1.8162241001757555,True,False,0.7008318467374395,0.30225428701317836
derma,pretrained,3,defocus_blur,5,0.759823002459764,0.16750021776812413,0.8324997822318758,1.1260026519466293,1.8162241001757555,True,False,0.7008318467374395,0.30225428701317836
derma,pretrained,4,defocus_blur,1,0.7342786555676982,0.295870386771018,0.704129613228982,1.1094508689682783,1.6933329945089524,True,False,0.7008318467374395,0.30225428701317836
derma,pretrained,4,defocus_blur,2,0.7342786555676982,0.24403680926357332,0.7559631907364267,1.1094508689682783,1.6933329945089524,True,False,0.7008318467374395,0.30225428701317836
derma,pretrained,4,defocus_blur,3,0.7342786555676982,0.21352507909696028,0.7864749209030397,1.1094508689682783,1.6933329945089524,True,False,0.7008318467374395,0.30225428701317836
derma,pretrained,4,defocus_blur,4,0.7342786555676982,0.1827000954361026,0.8172999045638973,1.1094508689682783,1.6933329945089524,True,False,0.7008318467374395,0.30225428701317836
derma,pretrained,4,defocus_blur,5,0.7342786555676982,0.17617512261486887,0.8238248773851311,1.1094508689682783,1.6933329945089524,True,False,0.7008318467374395,0.30225428701317836
derma,scratch,0,defocus_blur,1,0.5642540763608883,0.510020372645047,0.48997962735495304,0.7515123372783741,0.30086539529444545,True,False,0.7008318467374395,0.30225428701317836
derma,scratch,0,defocus_blur,2,0.5642540763608883,0.47968683160438136,0.5203131683956186,0.7515123372783741,0.30086539529444545,True,False,0.7008318467374395,0.30225428701317836
derma,scratch,0,defocus_blur,3,0.5642540763608883,0.4670205682618929,0.5329794317381071,0.7515123372783741,0.30086539529444545,True,False,0.7008318467374395,0.30225428701317836
derma,scratch,0,defocus_blur,4,0.5642540763608883,0.45655115785568423,0.5434488421443158,0.7515123372783741,0.30086539529444545,True,False,0.7008318467374395,0.30225428701317836
derma,scratch,0,defocus_blur,5,0.5642540763608883,0.4533021737291327,0.5466978262708673,0.7515123372783741,0.30086539529444545,True,False,0.7008318467374395,0.30225428701317836
derma,scratch,1,defocus_blur,1,0.5453605518324164,0.4820402683280921,0.5179597316719079,0.7758344683434042,0.2947519981418808,True,False,0.7008318467374395,0.30225428701317836
derma,scratch,1,defocus_blur,2,0.5453605518324164,0.4603012580221893,0.5396987419778108,0.7758344683434042,0.2947519981418808,True,False,0.7008318467374395,0.30225428701317836
derma,scratch,1,defocus_blur,3,0.5453605518324164,0.44925684399790544,0.5507431560020946,0.7758344683434042,0.2947519981418808,True,False,0.7008318467374395,0.30225428701317836
derma,scratch,1,defocus_blur,4,0.5453605518324164,0.4450470185508332,0.5549529814491668,0.7758344683434042,0.2947519981418808,True,False,0.7008318467374395,0.30225428701317836
derma,scratch,1,defocus_blur,5,0.5453605518324164,0.4447070950426428,0.5552929049573572,0.7758344683434042,0.2947519981418808,True,False,0.7008318467374395,0.30225428701317836
derma,scratch,2,defocus_blur,1,0.5534051671878045,0.5233181150316193,0.4766818849683807,0.752446339548976,0.2671377326112809,True,False,0.7008318467374395,0.30225428701317836
derma,scratch,2,defocus_blur,2,0.5534051671878045,0.48687964350571483,0.5131203564942852,0.752446339548976,0.2671377326112809,True,False,0.7008318467374395,0.30225428701317836
derma,scratch,2,defocus_blur,3,0.5534051671878045,0.4705165092228486,0.5294834907771514,0.752446339548976,0.2671377326112809,True,False,0.7008318467374395,0.30225428701317836
derma,scratch,2,defocus_blur,4,0.5534051671878045,0.4527513342799806,0.5472486657200194,0.752446339548976,0.2671377326112809,True,False,0.7008318467374395,0.30225428701317836
derma,scratch,2,defocus_blur,5,0.5534051671878045,0.42984260937516006,0.5701573906248399,0.752446339548976,0.2671377326112809,True,False,0.7008318467374395,0.30225428701317836
derma,scratch,3,defocus_blur,1,0.5595158868406569,0.5129549440048742,0.4870450559951258,0.7506354943754254,0.2831561048684997,True,False,0.7008318467374395,0.30225428701317836
derma,scratch,3,defocus_blur,2,0.5595158868406569,0.4849744817489535,0.5150255182510465,0.7506354943754254,0.2831561048684997,True,False,0.7008318467374395,0.30225428701317836
derma,scratch,3,defocus_blur,3,0.5595158868406569,0.4695638898800275,0.5304361101199725,0.7506354943754254,0.2831561048684997,True,False,0.7008318467374395,0.30225428701317836
derma,scratch,3,defocus_blur,4,0.5595158868406569,0.4507531140561518,0.5492468859438482,0.7506354943754254,0.2831561048684997,True,False,0.7008318467374395,0.30225428701317836
derma,scratch,3,defocus_blur,5,0.5595158868406569,0.45140727156099175,0.5485927284390082,0.7506354943754254,0.2831561048684997,True,False,0.7008318467374395,0.30225428701317836
derma,scratch,4,defocus_blur,1,0.5462305203322988,0.5064516242100583,0.4935483757899417,0.7600903466051022,0.2611246391599132,True,False,0.7008318467374395,0.30225428701317836
derma,scratch,4,defocus_blur,2,0.5462305203322988,0.4749020875429003,0.5250979124570997,0.7600903466051022,0.2611246391599132,True,False,0.7008318467374395,0.30225428701317836
derma,scratch,4,defocus_blur,3,0.5462305203322988,0.4748657920792813,0.5251342079207186,0.7600903466051022,0.2611246391599132,True,False,0.7008318467374395,0.30225428701317836
derma,scratch,4,defocus_blur,4,0.5462305203322988,0.4457085512044685,0.5542914487955315,0.7600903466051022,0.2611246391599132,True,False,0.7008318467374395,0.30225428701317836
derma,scratch,4,defocus_blur,5,0.5462305203322988,0.4345943384705209,0.5654056615294791,0.7600903466051022,0.2611246391599132,True,False,0.7008318467374395,0.30225428701317836
derma,pretrained,0,motion_blur,1,0.7104744268353997,0.36424198560757287,0.6357580143924271,1.1208829096594592,1.8103089688962142,True,False,0.6266414682428412,0.22806390851858005
derma,pretrained,0,motion_blur,2,0.7104744268353997,0.3593634841860666,0.6406365158139333,1.1208829096594592,1.8103089688962142,True,False,0.6266414682428412,0.22806390851858005
derma,pretrained,0,motion_blur,3,0.7104744268353997,0.29543420882953014,0.7045657911704699,1.1208829096594592,1.8103089688962142,True,False,0.6266414682428412,0.22806390851858005
derma,pretrained,0,motion_blur,4,0.7104744268353997,0.26180898616070264,0.7381910138392973,1.1208829096594592,1.8103089688962142,True,False,0.6266414682428412,0.22806390851858005
derma,pretrained,0,motion_blur,5,0.7104744268353997,0.20719277402957065,0.7928072259704293,1.1208829096594592,1.8103089688962142,True,False,0.6266414682428412,0.22806390851858005
derma,pretrained,1,motion_blur,1,0.7440463834561305,0.47271680710388597,0.527283192896114,1.0209749256593466,1.6830002274522922,True,False,0.6266414682428412,0.22806390851858005
derma,pretrained,1,motion_blur,2,0.7440463834561305,0.4693261877034915,0.5306738122965085,1.0209749256593466,1.6830002274522922,True,False,0.6266414682428412,0.22806390851858005
derma,pretrained,1,motion_blur,3,0.7440463834561305,0.3482536636038575,0.6517463363961424,1.0209749256593466,1.6830002274522922,True,False,0.6266414682428412,0.22806390851858005
derma,pretrained,1,motion_blur,4,0.7440463834561305,0.2803595002114138,0.7196404997885861,1.0209749256593466,1.6830002274522922,True,False,0.6266414682428412,0.22806390851858005
derma,pretrained,1,motion_blur,5,0.7440463834561305,0.23041770910585904,0.769582290894141,1.0209749256593466,1.6830002274522922,True,False,0.6266414682428412,0.22806390851858005
derma,pretrained,2,motion_blur,1,0.684106628040369,0.43045271256212925,0.5695472874378708,1.101585752122478,1.6416711595350508,True,False,0.6266414682428412,0.22806390851858005
derma,pretrained,2,motion_blur,2,0.684106628040369,0.4083939597257991,0.5916060402742009,1.101585752122478,1.6416711595350508,True,False,0.6266414682428412,0.22806390851858005
derma,pretrained,2,motion_blur,3,0.684106628040369,0.3100565940633819,0.6899434059366181,1.101585752122478,1.6416711595350508,True,False,0.6266414682428412,0.22806390851858005
derma,pretrained,2,motion_blur,4,0.684106628040369,0.219800921104655,0.780199078895345,1.101585752122478,1.6416711595350508,True,False,0.6266414682428412,0.22806390851858005
derma,pretrained,2,motion_blur,5,0.684106628040369,0.17979924701691477,0.8202007529830853,1.101585752122478,1.6416711595350508,True,False,0.6266414682428412,0.22806390851858005
derma,pretrained,3,motion_blur,1,0.759823002459764,0.45480580984061103,0.545194190159389,1.034124532623047,1.7883071485437831,True,False,0.6266414682428412,0.22806390851858005
derma,pretrained,3,motion_blur,2,0.759823002459764,0.4648424871637079,0.5351575128362921,1.034124532623047,1.7883071485437831,True,False,0.6266414682428412,0.22806390851858005
derma,pretrained,3,motion_blur,3,0.759823002459764,0.3473931786827274,0.6526068213172727,1.034124532623047,1.7883071485437831,True,False,0.6266414682428412,0.22806390851858005
derma,pretrained,3,motion_blur,4,0.759823002459764,0.27501848206215407,0.7249815179378459,1.034124532623047,1.7883071485437831,True,False,0.6266414682428412,0.22806390851858005
derma,pretrained,3,motion_blur,5,0.759823002459764,0.217813464906559,0.7821865350934409,1.034124532623047,1.7883071485437831,True,False,0.6266414682428412,0.22806390851858005
derma,pretrained,4,motion_blur,1,0.7342786555676982,0.45285087390940265,0.5471491260905974,1.0651252311152106,1.7614812307029322,True,False,0.6266414682428412,0.22806390851858005
derma,pretrained,4,motion_blur,2,0.7342786555676982,0.42447921764185764,0.5755207823581423,1.0651252311152106,1.7614812307029322,True,False,0.6266414682428412,0.22806390851858005
derma,pretrained,4,motion_blur,3,0.7342786555676982,0.319448793644188,0.680551206355812,1.0651252311152106,1.7614812307029322,True,False,0.6266414682428412,0.22806390851858005
derma,pretrained,4,motion_blur,4,0.7342786555676982,0.25455386996624935,0.7454461300337507,1.0651252311152106,1.7614812307029322,True,False,0.6266414682428412,0.22806390851858005
derma,pretrained,4,motion_blur,5,0.7342786555676982,0.2114090513956471,0.7885909486043529,1.0651252311152106,1.7614812307029322,True,False,0.6266414682428412,0.22806390851858005
derma,scratch,0,motion_blur,1,0.5642540763608883,0.5164942681249246,0.4835057318750754,0.8210756579301943,0.3454037629031708,True,False,0.6266414682428412,0.22806390851858005
derma,scratch,0,motion_blur,2,0.5642540763608883,0.5167599209129307,0.48324007908706934,0.8210756579301943,0.3454037629031708,True,False,0.6266414682428412,0.22806390851858005
derma,scratch,0,motion_blur,3,0.5642540763608883,0.4956569925463884,0.5043430074536116,0.8210756579301943,0.3454037629031708,True,False,0.6266414682428412,0.22806390851858005
derma,scratch,0,motion_blur,4,0.5642540763608883,0.4702023296544718,0.5297976703455283,0.8210756579301943,0.3454037629031708,True,False,0.6266414682428412,0.22806390851858005
derma,scratch,0,motion_blur,5,0.5642540763608883,0.4282862096421161,0.5717137903578839,0.8210756579301943,0.3454037629031708,True,False,0.6266414682428412,0.22806390851858005
derma,scratch,1,motion_blur,1,0.5453605518324164,0.500512085875601,0.49948791412439897,0.8406394696372704,0.3163152987133941,True,False,0.6266414682428412,0.22806390851858005
derma,scratch,1,motion_blur,2,0.5453605518324164,0.5086890636880448,0.4913109363119552,0.8406394696372704,0.3163152987133941,True,False,0.6266414682428412,0.22806390851858005
derma,scratch,1,motion_blur,3,0.5453605518324164,0.47210600389457974,0.5278939961054203,0.8406394696372704,0.3163152987133941,True,False,0.6266414682428412,0.22806390851858005
derma,scratch,1,motion_blur,4,0.5453605518324164,0.45764552544863857,0.5423544745513614,0.8406394696372704,0.3163152987133941,True,False,0.6266414682428412,0.22806390851858005
derma,scratch,1,motion_blur,5,0.5453605518324164,0.42714956351122346,0.5728504364887765,0.8406394696372704,0.3163152987133941,True,False,0.6266414682428412,0.22806390851858005
derma,scratch,2,motion_blur,1,0.5534051671878045,0.5230486105144153,0.4769513894855847,0.8131823055539094,0.27614593426155454,True,False,0.6266414682428412,0.22806390851858005
derma,scratch,2,motion_blur,2,0.5534051671878045,0.532902373253041,0.467097626746959,0.8131823055539094,0.27614593426155454,True,False,0.6266414682428412,0.22806390851858005
derma,scratch,2,motion_blur,3,0.5534051671878045,0.4812205638951362,0.5187794361048639,0.8131823055539094,0.27614593426155454,True,False,0.6266414682428412,0.22806390851858005
derma,scratch,2,motion_blur,4,0.5534051671878045,0.478183165068117,0.521816834931883,0.8131823055539094,0.27614593426155454,True,False,0.6266414682428412,0.22806390851858005
derma,scratch,2,motion_blur,5,0.5534051671878045,0.4367765177622884,0.5632234822377116,0.8131823055539094,0.27614593426155454,True,False,0.6266414682428412,0.22806390851858005
derma,scratch,3,motion_blur,1,0.5595158868406569,0.5178343610293832,0.4821656389706168,0.7992909212165474,0.26477106201154044,True,False,0.6266414682428412,0.22806390851858005
derma,scratch,3,motion_blur,2,0.5595158868406569,0.5550474124550242,0.4449525875449758,0.7992909212165474,0.26477106201154044,True,False,0.6266414682428412,0.22806390851858005
derma,scratch,3,motion_blur,3,0.5595158868406569,0.4953058576777948,0.5046941423222052,0.7992909212165474,0.26477106201154044,True,False,0.6266414682428412,0.22806390851858005
derma,scratch,3,motion_blur,4,0.5595158868406569,0.49222813031498386,0.5077718696850162,0.7992909212165474,0.26477106201154044,True,False,0.6266414682428412,0.22806390851858005
derma,scratch,3,motion_blur,5,0.5595158868406569,0.43524005640126234,0.5647599435987376,0.7992909212165474,0.26477106201154044,True,False,0.6266414682428412,0.22806390851858005
derma,scratch,4,motion_blur,1,0.5462305203322988,0.5163084493055752,0.4836915506944248,0.8419835826404082,0.32382304273468654,True,False,0.6266414682428412,0.22806390851858005
derma,scratch,4,motion_blur,2,0.5462305203322988,0.5245902657488588,0.4754097342511412,0.8419835826404082,0.32382304273468654,True,False,0.6266414682428412,0.22806390851858005
derma,scratch,4,motion_blur,3,0.5462305203322988,0.4759495634844924,0.5240504365155076,0.8419835826404082,0.32382304273468654,True,False,0.6266414682428412,0.22806390851858005
derma,scratch,4,motion_blur,4,0.5462305203322988,0.4412806490540996,0.5587193509459004,0.8419835826404082,0.32382304273468654,True,False,0.6266414682428412,0.22806390851858005
derma,scratch,4,motion_blur,5,0.5462305203322988,0.4037619300962091,0.5962380699037909,0.8419835826404082,0.32382304273468654,True,False,0.6266414682428412,0.22806390851858005
derma,pretrained,0,zoom_blur,1,0.7104744268353997,0.44750544867181347,0.5524945513281865,1.2545359219000398,2.883961079242618,True,False,0.5277668583085878,0.1291892985843267
derma,pretrained,0,zoom_blur,2,0.7104744268353997,0.38886619779249615,0.6111338022075039,1.2545359219000398,2.883961079242618,True,False,0.5277668583085878,0.1291892985843267
derma,pretrained,0,zoom_blur,3,0.7104744268353997,0.33287325686725733,0.6671267431327427,1.2545359219000398,2.883961079242618,True,False,0.5277668583085878,0.1291892985843267
derma,pretrained,0,zoom_blur,4,0.7104744268353997,0.2794391725739672,0.7205608274260328,1.2545359219000398,2.883961079242618,True,False,0.5277668583085878,0.1291892985843267
derma,pretrained,0,zoom_blur,5,0.7104744268353997,0.24080351341220613,0.7591964865877938,1.2545359219000398,2.883961079242618,True,False,0.5277668583085878,0.1291892985843267
derma,pretrained,1,zoom_blur,1,0.7440463834561305,0.5027006353817451,0.49729936461825486,1.1032963213512514,2.525980250183765,True,False,0.5277668583085878,0.1291892985843267
derma,pretrained,1,zoom_blur,2,0.7440463834561305,0.46830359315698006,0.5316964068430199,1.1032963213512514,2.525980250183765,True,False,0.5277668583085878,0.1291892985843267
derma,pretrained,1,zoom_blur,3,0.7440463834561305,0.4212394449917284,0.5787605550082716,1.1032963213512514,2.525980250183765,True,False,0.5277668583085878,0.1291892985843267
derma,pretrained,1,zoom_blur,4,0.7440463834561305,0.37826647811770053,0.6217335218822995,1.1032963213512514,2.525980250183765,True,False,0.5277668583085878,0.1291892985843267
derma,pretrained,1,zoom_blur,5,0.7440463834561305,0.318073681836985,0.6819263181630151,1.1032963213512514,2.525980250183765,True,False,0.5277668583085878,0.1291892985843267
derma,pretrained,2,zoom_blur,1,0.684106628040369,0.4570028422365656,0.5429971577634344,1.3269002120725324,2.9754831744362766,True,False,0.5277668583085878,0.1291892985843267
derma,pretrained,2,zoom_blur,2,0.684106628040369,0.35494728767252737,0.6450527123274726,1.3269002120725324,2.9754831744362766,True,False,0.5277668583085878,0.1291892985843267
derma,pretrained,2,zoom_blur,3,0.684106628040369,0.2631533301719633,0.7368466698280367,1.3269002120725324,2.9754831744362766,True,False,0.5277668583085878,0.1291892985843267
derma,pretrained,2,zoom_blur,4,0.684106628040369,0.2253355801045608,0.7746644198954392,1.3269002120725324,2.9754831744362766,True,False,0.5277668583085878,0.1291892985843267
derma,pretrained,2,zoom_blur,5,0.684106628040369,0.1980911787417858,0.8019088212582142,1.3269002120725324,2.9754831744362766,True,False,0.5277668583085878,0.1291892985843267
derma,pretrained,3,zoom_blur,1,0.759823002459764,0.4701967266892755,0.5298032733107245,1.172935149315819,2.932590434079898,True,False,0.5277668583085878,0.1291892985843267
derma,pretrained,3,zoom_blur,2,0.759823002459764,0.43462142784110797,0.565378572158892,1.172935149315819,2.932590434079898,True,False,0.5277668583085878,0.1291892985843267
derma,pretrained,3,zoom_blur,3,0.759823002459764,0.3732661786765953,0.6267338213234047,1.172935149315819,2.932590434079898,True,False,0.5277668583085878,0.1291892985843267
derma,pretrained,3,zoom_blur,4,0.759823002459764,0.34076920748492706,0.6592307925150729,1.172935149315819,2.932590434079898,True,False,0.5277668583085878,0.1291892985843267
derma,pretrained,3,zoom_blur,5,0.759823002459764,0.2859649655374731,0.7140350344625269,1.172935149315819,2.932590434079898,True,False,0.5277668583085878,0.1291892985843267
derma,pretrained,4,zoom_blur,1,0.7342786555676982,0.522465915560569,0.477534084439431,1.0661537404039378,2.2986367204462974,True,False,0.5277668583085878,0.1291892985843267
derma,pretrained,4,zoom_blur,2,0.7342786555676982,0.4653095953688223,0.5346904046311777,1.0661537404039378,2.2986367204462974,True,False,0.5277668583085878,0.1291892985843267
derma,pretrained,4,zoom_blur,3,0.7342786555676982,0.4301132996186275,0.5698867003813726,1.0661537404039378,2.2986367204462974,True,False,0.5277668583085878,0.1291892985843267
derma,pretrained,4,zoom_blur,4,0.7342786555676982,0.4028032712859498,0.5971967287140503,1.0661537404039378,2.2986367204462974,True,False,0.5277668583085878,0.1291892985843267
derma,pretrained,4,zoom_blur,5,0.7342786555676982,0.36590486793135174,0.6340951320686483,1.0661537404039378,2.2986367204462974,True,False,0.5277668583085878,0.1291892985843267
derma,scratch,0,zoom_blur,1,0.5642540763608883,0.5520839200566058,0.4479160799433942,0.9120391714168888,0.35295589505955666,True,False,0.5277668583085878,0.1291892985843267
derma,scratch,0,zoom_blur,2,0.5642540763608883,0.5395344425315123,0.4604655574684877,0.9120391714168888,0.35295589505955666,True,False,0.5277668583085878,0.1291892985843267
derma,scratch,0,zoom_blur,3,0.5642540763608883,0.5157778623821736,0.4842221376178264,0.9120391714168888,0.35295589505955666,True,False,0.5277668583085878,0.1291892985843267
derma,scratch,0,zoom_blur,4,0.5642540763608883,0.4978927108207306,0.5021072891792694,0.9120391714168888,0.35295589505955666,True,False,0.5277668583085878,0.1291892985843267
derma,scratch,0,zoom_blur,5,0.5642540763608883,0.48799082344368244,0.5120091765563175,0.9120391714168888,0.35295589505955666,True,False,0.5277668583085878,0.1291892985843267
derma,scratch,1,zoom_blur,1,0.5453605518324164,0.5051804998947407,0.4948195001052593,0.9670807001505524,0.43156589046228405,True,False,0.5277668583085878,0.1291892985843267
derma,scratch,1,zoom_blur,2,0.5453605518324164,0.49307362354793893,0.5069263764520611,0.9670807001505524,0.43156589046228405,True,False,0.5277668583085878,0.1291892985843267
derma,scratch,1,zoom_blur,3,0.5453605518324164,0.4834039397435413,0.5165960602564588,0.9670807001505524,0.43156589046228405,True,False,0.5277668583085878,0.1291892985843267
derma,scratch,1,zoom_blur,4,0.5453605518324164,0.48194156764309454,0.5180584323569055,0.9670807001505524,0.43156589046228405,True,False,0.5277668583085878,0.1291892985843267
derma,scratch,1,zoom_blur,5,0.5453605518324164,0.48443465492405186,0.5155653450759481,0.9670807001505524,0.43156589046228405,True,False,0.5277668583085878,0.1291892985843267
derma,scratch,2,zoom_blur,1,0.5534051671878045,0.5305279257966421,0.4694720742033579,0.9174721948191942,0.2911741564140588,True,False,0.5277668583085878,0.1291892985843267
derma,scratch,2,zoom_blur,2,0.5534051671878045,0.5282456461166213,0.4717543538833787,0.9174721948191942,0.2911741564140588,True,False,0.5277668583085878,0.1291892985843267
derma,scratch,2,zoom_blur,3,0.5534051671878045,0.5113766975127344,0.4886233024872656,0.9174721948191942,0.2911741564140588,True,False,0.5277668583085878,0.1291892985843267
derma,scratch,2,zoom_blur,4,0.5534051671878045,0.5111564808229445,0.4888435191770555,0.9174721948191942,0.2911741564140588,True,False,0.5277668583085878,0.1291892985843267
derma,scratch,2,zoom_blur,5,0.5534051671878045,0.49763616052500365,0.5023638394749963,0.9174721948191942,0.2911741564140588,True,False,0.5277668583085878,0.1291892985843267
derma,scratch,3,zoom_blur,1,0.5595158868406569,0.5668024475162403,0.4331975524837597,0.9079121570633244,0.29941979728987883,True,False,0.5277668583085878,0.1291892985843267
derma,scratch,3,zoom_blur,2,0.5595158868406569,0.5241268297164233,0.4758731702835767,0.9079121570633244,0.29941979728987883,True,False,0.5277668583085878,0.1291892985843267
derma,scratch,3,zoom_blur,3,0.5595158868406569,0.518880020563154,0.48111997943684603,0.9079121570633244,0.29941979728987883,True,False,0.5277668583085878,0.1291892985843267
derma,scratch,3,zoom_blur,4,0.5595158868406569,0.5031639457725116,0.49683605422748844,0.9079121570633244,0.29941979728987883,True,False,0.5277668583085878,0.1291892985843267
derma,scratch,3,zoom_blur,5,0.5595158868406569,0.4911970226642515,0.5088029773357485,0.9079121570633244,0.29941979728987883,True,False,0.5277668583085878,0.1291892985843267
derma,scratch,4,zoom_blur,1,0.5462305203322988,0.521360389359589,0.47863961064041105,0.9603159887469386,0.4106646082774863,True,False,0.5277668583085878,0.1291892985843267
derma,scratch,4,zoom_blur,2,0.5462305203322988,0.5014456031177658,0.49855439688223424,0.9603159887469386,0.4106646082774863,True,False,0.5277668583085878,0.1291892985843267
derma,scratch,4,zoom_blur,3,0.5462305203322988,0.4883589096979345,0.5116410903020655,0.9603159887469386,0.4106646082774863,True,False,0.5277668583085878,0.1291892985843267
derma,scratch,4,zoom_blur,4,0.5462305203322988,0.48161113334250655,0.5183888666574934,0.9603159887469386,0.4106646082774863,True,False,0.5277668583085878,0.1291892985843267
derma,scratch,4,zoom_blur,5,0.5462305203322988,0.4731092026598192,0.5268907973401808,0.9603159887469386,0.4106646082774863,True,False,0.5277668583085878,0.1291892985843267
derma,pretrained,0,brightness_up,1,0.7104744268353997,0.714355635389275,0.28564436461072495,0.8183572628117787,1.5691187365824388,True,True,0.4473990148869178,0.04882145516265668
derma,pretrained,0,brightness_up,2,0.7104744268353997,0.6648338492503447,0.3351661507496553,0.8183572628117787,1.5691187365824388,True,True,0.4473990148869178,0.04882145516265668
derma,pretrained,0,brightness_up,3,0.7104744268353997,0.6346753650418175,0.36532463495818246,0.8183572628117787,1.5691187365824388,True,True,0.4473990148869178,0.04882145516265668
derma,pretrained,0,brightness_up,4,0.7104744268353997,0.5874943860425942,0.4125056139574058,0.8183572628117787,1.5691187365824388,True,True,0.4473990148869178,0.04882145516265668
derma,pretrained,0,brightness_up,5,0.7104744268353997,0.5679795982382471,0.43202040176175294,0.8183572628117787,1.5691187365824388,True,True,0.4473990148869178,0.04882145516265668
derma,pretrained,1,brightness_up,1,0.7440463834561305,0.7860074359995712,0.21399256400042876,0.7404306754007127,1.5426483698927556,True,True,0.4473990148869178,0.04882145516265668
derma,pretrained,1,brightness_up,2,0.7440463834561305,0.7279552737992959,0.2720447262007041,0.7404306754007127,1.5426483698927556,True,True,0.4473990148869178,0.04882145516265668
derma,pretrained,1,brightness_up,3,0.7440463834561305,0.6624637951726664,0.3375362048273336,0.7404306754007127,1.5426483698927556,True,True,0.4473990148869178,0.04882145516265668
derma,pretrained,1,brightness_up,4,0.7440463834561305,0.6030597694667165,0.39694023053328353,0.7404306754007127,1.5426483698927556,True,True,0.4473990148869178,0.04882145516265668
derma,pretrained,1,brightness_up,5,0.7440463834561305,0.5641739517300796,0.43582604826992044,0.7404306754007127,1.5426483698927556,True,True,0.4473990148869178,0.04882145516265668
derma,pretrained,2,brightness_up,1,0.684106628040369,0.692843983928834,0.30715601607116605,0.9227328523770459,1.9855286343820688,True,True,0.4473990148869178,0.04882145516265668
derma,pretrained,2,brightness_up,2,0.684106628040369,0.6739356067635152,0.32606439323648484,0.9227328523770459,1.9855286343820688,True,True,0.4473990148869178,0.04882145516265668
derma,pretrained,2,brightness_up,3,0.684106628040369,0.616771766574962,0.383228233425038,0.9227328523770459,1.9855286343820688,True,True,0.4473990148869178,0.04882145516265668
derma,pretrained,2,brightness_up,4,0.684106628040369,0.5283933147982182,0.47160668520178184,0.9227328523770459,1.9855286343820688,True,True,0.4473990148869178,0.04882145516265668
derma,pretrained,2,brightness_up,5,0.684106628040369,0.4239064821480404,0.5760935178519596,0.9227328523770459,1.9855286343820688,True,True,0.4473990148869178,0.04882145516265668
derma,pretrained,3,brightness_up,1,0.759823002459764,0.7687199113341023,0.23128008866589767,0.7459303673258582,1.916196755379524,True,True,0.4473990148869178,0.04882145516265668
derma,pretrained,3,brightness_up,2,0.759823002459764,0.7017726366776215,0.29822736332237854,0.7459303673258582,1.916196755379524,True,True,0.4473990148869178,0.04882145516265668
derma,pretrained,3,brightness_up,3,0.759823002459764,0.6708708539595463,0.32912914604045374,0.7459303673258582,1.916196755379524,True,True,0.4473990148869178,0.04882145516265668
derma,pretrained,3,brightness_up,4,0.759823002459764,0.6270210379269932,0.37297896207300685,0.7459303673258582,1.916196755379524,True,True,0.4473990148869178,0.04882145516265668
derma,pretrained,3,brightness_up,5,0.759823002459764,0.5629730025226084,0.4370269974773916,0.7459303673258582,1.916196755379524,True,True,0.4473990148869178,0.04882145516265668
derma,pretrained,4,brightness_up,1,0.7342786555676982,0.7595003931706287,0.24049960682937133,0.6811578200850322,0.799402498885662,True,True,0.4473990148869178,0.04882145516265668
derma,pretrained,4,brightness_up,2,0.7342786555676982,0.7222993631818928,0.2777006368181072,0.6811578200850322,0.799402498885662,True,True,0.4473990148869178,0.04882145516265668
derma,pretrained,4,brightness_up,3,0.7342786555676982,0.703708015335106,0.29629198466489404,0.6811578200850322,0.799402498885662,True,True,0.4473990148869178,0.04882145516265668
derma,pretrained,4,brightness_up,4,0.7342786555676982,0.6790881383950315,0.32091186160496854,0.6811578200850322,0.799402498885662,True,True,0.4473990148869178,0.04882145516265668
derma,pretrained,4,brightness_up,5,0.7342786555676982,0.6116574014745216,0.38834259852547837,0.6811578200850322,0.799402498885662,True,True,0.4473990148869178,0.04882145516265668
derma,scratch,0,brightness_up,1,0.5642540763608883,0.5223825987143903,0.4776174012856097,1.2956559376065855,2.9480740792943707,True,True,0.4473990148869178,0.04882145516265668
derma,scratch,0,brightness_up,2,0.5642540763608883,0.46258148336947486,0.5374185166305252,1.2956559376065855,2.9480740792943707,True,True,0.4473990148869178,0.04882145516265668
derma,scratch,0,brightness_up,3,0.5642540763608883,0.3927743393998916,0.6072256606001084,1.2956559376065855,2.9480740792943707,True,True,0.4473990148869178,0.04882145516265668
derma,scratch,0,brightness_up,4,0.5642540763608883,0.37828520359412127,0.6217147964058787,1.2956559376065855,2.9480740792943707,True,True,0.4473990148869178,0.04882145516265668
derma,scratch,0,brightness_up,5,0.5642540763608883,0.3456004243342608,0.6543995756657393,1.2956559376065855,2.9480740792943707,True,True,0.4473990148869178,0.04882145516265668
derma,scratch,1,brightness_up,1,0.5453605518324164,0.5204781682963526,0.47952183170364737,1.2704878086997902,2.330441513704979,True,True,0.4473990148869178,0.04882145516265668
derma,scratch,1,brightness_up,2,0.5453605518324164,0.4846241385393659,0.5153758614606341,1.2704878086997902,2.330441513704979,True,True,0.4473990148869178,0.04882145516265668
derma,scratch,1,brightness_up,3,0.5453605518324164,0.4104336991965101,0.5895663008034899,1.2704878086997902,2.330441513704979,True,True,0.4473990148869178,0.04882145516265668
derma,scratch,1,brightness_up,4,0.5453605518324164,0.3847471981266721,0.6152528018733279,1.2704878086997902,2.330441513704979,True,True,0.4473990148869178,0.04882145516265668
derma,scratch,1,brightness_up,5,0.5453605518324164,0.3576418256504746,0.6423581743495255,1.2704878086997902,2.330441513704979,True,True,0.4473990148869178,0.04882145516265668
derma,scratch,2,brightness_up,1,0.5534051671878045,0.5303079002167856,0.46969209978321436,1.2215676285009922,2.046914014831236,True,True,0.4473990148869178,0.04882145516265668
derma,scratch,2,brightness_up,2,0.5534051671878045,0.5058376762452709,0.4941623237547291,1.2215676285009922,2.046914014831236,True,True,0.4473990148869178,0.04882145516265668
derma,scratch,2,brightness_up,3,0.5534051671878045,0.4593349464013952,0.5406650535986048,1.2215676285009922,2.046914014831236,True,True,0.4473990148869178,0.04882145516265668
derma,scratch,2,brightness_up,4,0.5534051671878045,0.39874919430135386,0.6012508056986461,1.2215676285009922,2.046914014831236,True,True,0.4473990148869178,0.04882145516265668
derma,scratch,2,brightness_up,5,0.5534051671878045,0.3731295147897334,0.6268704852102667,1.2215676285009922,2.046914014831236,True,True,0.4473990148869178,0.04882145516265668
derma,scratch,3,brightness_up,1,0.5595158868406569,0.5479333286316033,0.45206667136839673,1.1502183348203996,1.5182348927786682,True,True,0.4473990148869178,0.04882145516265668
derma,scratch,3,brightness_up,2,0.5595158868406569,0.5088527096920524,0.49114729030794757,1.1502183348203996,1.5182348927786682,True,True,0.4473990148869178,0.04882145516265668
derma,scratch,3,brightness_up,3,0.5595158868406569,0.4665385190359338,0.5334614809640662,1.1502183348203996,1.5182348927786682,True,True,0.4473990148869178,0.04882145516265668
derma,scratch,3,brightness_up,4,0.5595158868406569,0.4656078167454633,0.5343921832545366,1.1502183348203996,1.5182348927786682,True,True,0.4473990148869178,0.04882145516265668
derma,scratch,3,brightness_up,5,0.5595158868406569,0.43803487637735855,0.5619651236226415,1.1502183348203996,1.5182348927786682,True,True,0.4473990148869178,0.04882145516265668
derma,scratch,4,brightness_up,1,0.5462305203322988,0.560707258478874,0.43929274152112596,1.0748336573122907,0.555289466297126,True,True,0.4473990148869178,0.04882145516265668
derma,scratch,4,brightness_up,2,0.5462305203322988,0.5329883267184058,0.4670116732815942,1.0748336573122907,0.555289466297126,True,True,0.4473990148869178,0.04882145516265668
derma,scratch,4,brightness_up,3,0.5462305203322988,0.5309388904942295,0.4690611095057705,1.0748336573122907,0.555289466297126,True,True,0.4473990148869178,0.04882145516265668
derma,scratch,4,brightness_up,4,0.5462305203322988,0.49101036993103986,0.5089896300689601,1.0748336573122907,0.555289466297126,True,True,0.4473990148869178,0.04882145516265668
derma,scratch,4,brightness_up,5,0.5462305203322988,0.4799575571333413,0.5200424428666587,1.0748336573122907,0.555289466297126,True,True,0.4473990148869178,0.04882145516265668
derma,pretrained,0,brightness_down,1,0.7104744268353997,0.6457585168477143,0.35424148315228565,1.082542548552329,1.8768139851216556,True,False,0.5772968080812169,0.17871924835695574
derma,pretrained,0,brightness_down,2,0.7104744268353997,0.5327158872620059,0.4672841127379941,1.082542548552329,1.8768139851216556,True,False,0.5772968080812169,0.17871924835695574
derma,pretrained,0,brightness_down,3,0.7104744268353997,0.35222408964891905,0.647775910351081,1.082542548552329,1.8768139851216556,True,False,0.5772968080812169,0.17871924835695574
derma,pretrained,0,brightness_down,4,0.7104744268353997,0.19397231348454527,0.8060276865154548,1.082542548552329,1.8768139851216556,True,False,0.5772968080812169,0.17871924835695574
derma,pretrained,0,brightness_down,5,0.7104744268353997,0.1505874032999885,0.8494125967000115,1.082542548552329,1.8768139851216556,True,False,0.5772968080812169,0.17871924835695574
derma,pretrained,1,brightness_down,1,0.7440463834561305,0.6871741083199756,0.3128258916800244,1.0238334792141557,1.8750201004866036,True,False,0.5772968080812169,0.17871924835695574
derma,pretrained,1,brightness_down,2,0.7440463834561305,0.5615884194263199,0.4384115805736801,1.0238334792141557,1.8750201004866036,True,False,0.5772968080812169,0.17871924835695574
derma,pretrained,1,brightness_down,3,0.7440463834561305,0.39322794514752923,0.6067720548524708,1.0238334792141557,1.8750201004866036,True,False,0.5772968080812169,0.17871924835695574
derma,pretrained,1,brightness_down,4,0.7440463834561305,0.23956484965505664,0.7604351503449434,1.0238334792141557,1.8750201004866036,True,False,0.5772968080812169,0.17871924835695574
derma,pretrained,1,brightness_down,5,0.7440463834561305,0.16316567966602366,0.8368343203339763,1.0238334792141557,1.8750201004866036,True,False,0.5772968080812169,0.17871924835695574
derma,pretrained,2,brightness_down,1,0.684106628040369,0.6384770129897879,0.3615229870102121,1.0389689432346316,1.588525496135724,True,False,0.5772968080812169,0.17871924835695574
derma,pretrained,2,brightness_down,2,0.684106628040369,0.5566391999584814,0.44336080004151857,1.0389689432346316,1.588525496135724,True,False,0.5772968080812169,0.17871924835695574
derma,pretrained,2,brightness_down,3,0.684106628040369,0.39121401435834713,0.6087859856416529,1.0389689432346316,1.588525496135724,True,False,0.5772968080812169,0.17871924835695574
derma,pretrained,2,brightness_down,4,0.684106628040369,0.2505027954371809,0.7494972045628191,1.0389689432346316,1.588525496135724,True,False,0.5772968080812169,0.17871924835695574
derma,pretrained,2,brightness_down,5,0.684106628040369,0.1641997041318636,0.8358002958681364,1.0389689432346316,1.588525496135724,True,False,0.5772968080812169,0.17871924835695574
derma,pretrained,3,brightness_down,1,0.759823002459764,0.695969310248091,0.30403068975190894,0.9414636975633898,1.6972261957011725,True,False,0.5772968080812169,0.17871924835695574
derma,pretrained,3,brightness_down,2,0.759823002459764,0.6041383453546959,0.3958616546453041,0.9414636975633898,1.6972261957011725,True,False,0.5772968080812169,0.17871924835695574
derma,pretrained,3,brightness_down,3,0.759823002459764,0.4496675652338315,0.5503324347661684,0.9414636975633898,1.6972261957011725,True,False,0.5772968080812169,0.17871924835695574
derma,pretrained,3,brightness_down,4,0.759823002459764,0.31556039772494565,0.6844396022750543,0.9414636975633898,1.6972261957011725,True,False,0.5772968080812169,0.17871924835695574
derma,pretrained,3,brightness_down,5,0.759823002459764,0.21714444380001055,0.7828555561999895,0.9414636975633898,1.6972261957011725,True,False,0.5772968080812169,0.17871924835695574
derma,pretrained,4,brightness_down,1,0.7342786555676982,0.7012773167189537,0.29872268328104634,1.0032027464688382,1.753724916839772,True,False,0.5772968080812169,0.17871924835695574
derma,pretrained,4,brightness_down,2,0.7342786555676982,0.580858630896943,0.419141369103057,1.0032027464688382,1.753724916839772,True,False,0.5772968080812169,0.17871924835695574
derma,pretrained,4,brightness_down,3,0.7342786555676982,0.41383690363843584,0.5861630963615642,1.0032027464688382,1.753724916839772,True,False,0.5772968080812169,0.17871924835695574
derma,pretrained,4,brightness_down,4,0.7342786555676982,0.2346661273435116,0.7653338726564884,1.0032027464688382,1.753724916839772,True,False,0.5772968080812169,0.17871924835695574
derma,pretrained,4,brightness_down,5,0.7342786555676982,0.17363230442830327,0.8263676955716968,1.0032027464688382,1.753724916839772,True,False,0.5772968080812169,0.17871924835695574
derma,scratch,0,brightness_down,1,0.5642540763608883,0.5126519799937662,0.4873480200062338,1.2157920286317248,1.4890781839515987,True,False,0.5772968080812169,0.17871924835695574
derma,scratch,0,brightness_down,2,0.5642540763608883,0.34744913646753606,0.6525508635324639,1.2157920286317248,1.4890781839515987,True,False,0.5772968080812169,0.17871924835695574
derma,scratch,0,brightness_down,3,0.5642540763608883,0.25432382607416093,0.7456761739258391,1.2157920286317248,1.4890781839515987,True,False,0.5772968080812169,0.17871924835695574
derma,scratch,0,brightness_down,4,0.5642540763608883,0.19887000136496027,0.8011299986350398,1.2157920286317248,1.4890781839515987,True,False,0.5772968080812169,0.17871924835695574
derma,scratch,0,brightness_down,5,0.5642540763608883,0.17734076900116566,0.8226592309988343,1.2157920286317248,1.4890781839515987,True,False,0.5772968080812169,0.17871924835695574
derma,scratch,1,brightness_down,1,0.5453605518324164,0.4949089223255605,0.5050910776744395,1.2187164592203252,1.3928084187058671,True,False,0.5772968080812169,0.17871924835695574
derma,scratch,1,brightness_down,2,0.5453605518324164,0.38457531215413127,0.6154246878458687,1.2187164592203252,1.3928084187058671,True,False,0.5772968080812169,0.17871924835695574
derma,scratch,1,brightness_down,3,0.5453605518324164,0.2520987463315817,0.7479012536684183,1.2187164592203252,1.3928084187058671,True,False,0.5772968080812169,0.17871924835695574
derma,scratch,1,brightness_down,4,0.5453605518324164,0.19364107493350122,0.8063589250664988,1.2187164592203252,1.3928084187058671,True,False,0.5772968080812169,0.17871924835695574
derma,scratch,1,brightness_down,5,0.5453605518324164,0.15697033493554396,0.843029665064456,1.2187164592203252,1.3928084187058671,True,False,0.5772968080812169,0.17871924835695574
derma,scratch,2,brightness_down,1,0.5534051671878045,0.47602922281454535,0.5239707771854547,1.2559825128398454,1.5581973705477197,True,False,0.5772968080812169,0.17871924835695574
derma,scratch,2,brightness_down,2,0.5534051671878045,0.3305372406361329,0.6694627593638671,1.2559825128398454,1.5581973705477197,True,False,0.5772968080812169,0.17871924835695574
derma,scratch,2,brightness_down,3,0.5534051671878045,0.22647160735068386,0.7735283926493162,1.2559825128398454,1.5581973705477197,True,False,0.5772968080812169,0.17871924835695574
derma,scratch,2,brightness_down,4,0.5534051671878045,0.18323622500574563,0.8167637749942543,1.2559825128398454,1.5581973705477197,True,False,0.5772968080812169,0.17871924835695574
derma,scratch,2,brightness_down,5,0.5534051671878045,0.15835222585154868,0.8416477741484514,1.2559825128398454,1.5581973705477197,True,False,0.5772968080812169,0.17871924835695574
derma,scratch,3,brightness_down,1,0.5595158868406569,0.4820257037753132,0.5179742962246868,1.2253831949817018,1.4935475413752095,True,False,0.5772968080812169,0.17871924835695574
derma,scratch,3,brightness_down,2,0.5595158868406569,0.341272234828237,0.658727765171763,1.2253831949817018,1.4935475413752095,True,False,0.5772968080812169,0.17871924835695574
derma,scratch,3,brightness_down,3,0.5595158868406569,0.24117934105439373,0.7588206589456062,1.2253831949817018,1.4935475413752095,True,False,0.5772968080812169,0.17871924835695574
derma,scratch,3,brightness_down,4,0.5595158868406569,0.2015019183040007,0.7984980816959993,1.2253831949817018,1.4935475413752095,True,False,0.5772968080812169,0.17871924835695574
derma,scratch,3,brightness_down,5,0.5595158868406569,0.19697176634155597,0.803028233658444,1.2253831949817018,1.4935475413752095,True,False,0.5772968080812169,0.17871924835695574
derma,scratch,4,brightness_down,1,0.5462305203322988,0.46565802798747435,0.5343419720125256,1.2509505329810062,1.501798337656698,True,False,0.5772968080812169,0.17871924835695574
derma,scratch,4,brightness_down,2,0.5462305203322988,0.341596492219042,0.658403507780958,1.2509505329810062,1.501798337656698,True,False,0.5772968080812169,0.17871924835695574
derma,scratch,4,brightness_down,3,0.5462305203322988,0.2561486619538314,0.7438513380461687,1.2509505329810062,1.501798337656698,True,False,0.5772968080812169,0.17871924835695574
derma,scratch,4,brightness_down,4,0.5462305203322988,0.1823210129339508,0.8176789870660492,1.2509505329810062,1.501798337656698,True,False,0.5772968080812169,0.17871924835695574
derma,scratch,4,brightness_down,5,0.5462305203322988,0.14342705611854198,0.856572943881458,1.2509505329810062,1.501798337656698,True,False,0.5772968080812169,0.17871924835695574
derma,pretrained,0,contrast_up,1,0.7104744268353997,0.680691238539916,0.319308761460084,0.8666107047844299,2.6219444258459554,True,True,0.430415384126964,0.031837824402702886
derma,pretrained,0,contrast_up,2,0.7104744268353997,0.6553001388357004,0.3446998611642996,0.8666107047844299,2.6219444258459554,True,True,0.430415384126964,0.031837824402702886
derma,pretrained,0,contrast_up,3,0.7104744268353997,0.6341540657482742,0.36584593425172585,0.8666107047844299,2.6219444258459554,True,True,0.430415384126964,0.031837824402702886
derma,pretrained,0,contrast_up,4,0.7104744268353997,0.6154256767854012,0.38457432321459883,0.8666107047844299,2.6219444258459554,True,True,0.430415384126964,0.031837824402702886
derma,pretrained,0,contrast_up,5,0.7104744268353997,0.5494159831490613,0.45058401685093874,0.8666107047844299,2.6219444258459554,True,True,0.430415384126964,0.031837824402702886
derma,pretrained,1,contrast_up,1,0.7440463834561305,0.7557857165397597,0.24421428346024032,0.7102021290815091,1.5619253697596949,True,True,0.430415384126964,0.031837824402702886
derma,pretrained,1,contrast_up,2,0.7440463834561305,0.7404601287806089,0.25953987121939115,0.7102021290815091,1.5619253697596949,True,True,0.430415384126964,0.031837824402702886
derma,pretrained,1,contrast_up,3,0.7440463834561305,0.7080161300289285,0.2919838699710715,0.7102021290815091,1.5619253697596949,True,True,0.430415384126964,0.031837824402702886
derma,pretrained,1,contrast_up,4,0.7440463834561305,0.6845642963757917,0.31543570362420825,0.7102021290815091,1.5619253697596949,True,True,0.430415384126964,0.031837824402702886
derma,pretrained,1,contrast_up,5,0.7440463834561305,0.5827641172928841,0.41723588270711587,0.7102021290815091,1.5619253697596949,True,True,0.430415384126964,0.031837824402702886
derma,pretrained,2,contrast_up,1,0.684106628040369,0.676352411720103,0.32364758827989704,0.8872509918093573,2.072789386055563,True,True,0.430415384126964,0.031837824402702886
derma,pretrained,2,contrast_up,2,0.684106628040369,0.6503750121791347,0.34962498782086526,0.8872509918093573,2.072789386055563,True,True,0.430415384126964,0.031837824402702886
derma,pretrained,2,contrast_up,3,0.684106628040369,0.6233546588788916,0.37664534112110837,0.8872509918093573,2.072789386055563,True,True,0.430415384126964,0.031837824402702886
derma,pretrained,2,contrast_up,4,0.684106628040369,0.60152751028051,0.39847248971949,0.8872509918093573,2.072789386055563,True,True,0.430415384126964,0.031837824402702886
derma,pretrained,2,contrast_up,5,0.684106628040369,0.5389580246580891,0.46104197534191094,0.8872509918093573,2.072789386055563,True,True,0.430415384126964,0.031837824402702886
derma,pretrained,3,contrast_up,1,0.759823002459764,0.7540786988748968,0.24592130112510324,0.7353249009742957,2.3970906807394217,True,True,0.430415384126964,0.031837824402702886
derma,pretrained,3,contrast_up,2,0.759823002459764,0.7247937114267698,0.27520628857323015,0.7353249009742957,2.3970906807394217,True,True,0.430415384126964,0.031837824402702886
derma,pretrained,3,contrast_up,3,0.759823002459764,0.6826490572113804,0.31735094278861964,0.7353249009742957,2.3970906807394217,True,True,0.430415384126964,0.031837824402702886
derma,pretrained,3,contrast_up,4,0.759823002459764,0.6438547229789696,0.3561452770210304,0.7353249009742957,2.3970906807394217,True,True,0.430415384126964,0.031837824402702886
derma,pretrained,3,contrast_up,5,0.759823002459764,0.612148060953117,0.387851939046883,0.7353249009742957,2.3970906807394217,True,True,0.430415384126964,0.031837824402702886
derma,pretrained,4,contrast_up,1,0.7342786555676982,0.7404130093610993,0.25958699063890067,0.7429868340041429,1.6983452902729692,True,True,0.430415384126964,0.031837824402702886
derma,pretrained,4,contrast_up,2,0.7342786555676982,0.7185477965563903,0.28145220344360966,0.7429868340041429,1.6983452902729692,True,True,0.430415384126964,0.031837824402702886
derma,pretrained,4,contrast_up,3,0.7342786555676982,0.6919019693239418,0.30809803067605823,0.7429868340041429,1.6983452902729692,True,True,0.430415384126964,0.031837824402702886
derma,pretrained,4,contrast_up,4,0.7342786555676982,0.6655887624660897,0.33441123753391033,0.7429868340041429,1.6983452902729692,True,True,0.430415384126964,0.031837824402702886
derma,pretrained,4,contrast_up,5,0.7342786555676982,0.5845836444966288,0.4154163555033712,0.7429868340041429,1.6983452902729692,True,True,0.430415384126964,0.031837824402702886
derma,scratch,0,contrast_up,1,0.5642540763608883,0.5512123069205976,0.44878769307940236,1.1052967430110974,1.2560782443066991,True,True,0.430415384126964,0.031837824402702886
derma,scratch,0,contrast_up,2,0.5642540763608883,0.5413935021632065,0.4586064978367935,1.1052967430110974,1.2560782443066991,True,True,0.430415384126964,0.031837824402702886
derma,scratch,0,contrast_up,3,0.5642540763608883,0.5308974373792311,0.4691025626207689,1.1052967430110974,1.2560782443066991,True,True,0.430415384126964,0.031837824402702886
derma,scratch,0,contrast_up,4,0.5642540763608883,0.5239425709335335,0.47605742906646653,1.1052967430110974,1.2560782443066991,True,True,0.430415384126964,0.031837824402702886
derma,scratch,0,contrast_up,5,0.5642540763608883,0.47387057151641293,0.5261294284835871,1.1052967430110974,1.2560782443066991,True,True,0.430415384126964,0.031837824402702886
derma,scratch,1,contrast_up,1,0.5453605518324164,0.5655835700250992,0.4344164299749008,1.06637101714586,0.13641141882623012,True,True,0.430415384126964,0.031837824402702886
derma,scratch,1,contrast_up,2,0.5453605518324164,0.5599894654011723,0.44001053459882766,1.06637101714586,0.13641141882623012,True,True,0.430415384126964,0.031837824402702886
derma,scratch,1,contrast_up,3,0.5453605518324164,0.5429331352967651,0.4570668647032349,1.06637101714586,0.13641141882623012,True,True,0.430415384126964,0.031837824402702886
derma,scratch,1,contrast_up,4,0.5453605518324164,0.5333203475707761,0.46667965242922393,1.06637101714586,0.13641141882623012,True,True,0.430415384126964,0.031837824402702886
derma,scratch,1,contrast_up,5,0.5453605518324164,0.5032610268727037,0.4967389731272963,1.06637101714586,0.13641141882623012,True,True,0.430415384126964,0.031837824402702886
derma,scratch,2,contrast_up,1,0.5534051671878045,0.5489495793376828,0.45105042066231715,1.1571158321388824,1.6158648878308945,True,True,0.430415384126964,0.031837824402702886
derma,scratch,2,contrast_up,2,0.5534051671878045,0.5235646541235172,0.47643534587648284,1.1571158321388824,1.6158648878308945,True,True,0.430415384126964,0.031837824402702886
derma,scratch,2,contrast_up,3,0.5534051671878045,0.49775893784774505,0.502241062152255,1.1571158321388824,1.6158648878308945,True,True,0.430415384126964,0.031837824402702886
derma,scratch,2,contrast_up,4,0.5534051671878045,0.49336158723569523,0.5066384127643048,1.1571158321388824,1.6158648878308945,True,True,0.430415384126964,0.031837824402702886
derma,scratch,2,contrast_up,5,0.5534051671878045,0.4461629646081161,0.5538370353918839,1.1571158321388824,1.6158648878308945,True,True,0.430415384126964,0.031837824402702886
derma,scratch,3,contrast_up,1,0.5595158868406569,0.5695474876897032,0.4304525123102968,1.1292344944987671,1.430869929538726,True,True,0.430415384126964,0.031837824402702886
derma,scratch,3,contrast_up,2,0.5595158868406569,0.5365983562572431,0.46340164374275694,1.1292344944987671,1.430869929538726,True,True,0.430415384126964,0.031837824402702886
derma,scratch,3,contrast_up,3,0.5595158868406569,0.5148241703117256,0.48517582968827444,1.1292344944987671,1.430869929538726,True,True,0.430415384126964,0.031837824402702886
derma,scratch,3,contrast_up,4,0.5595158868406569,0.4919727185033402,0.5080272814966598,1.1292344944987671,1.430869929538726,True,True,0.430415384126964,0.031837824402702886
derma,scratch,3,contrast_up,5,0.5595158868406569,0.45685777364246366,0.5431422263575363,1.1292344944987671,1.430869929538726,True,True,0.430415384126964,0.031837824402702886
derma,scratch,4,contrast_up,1,0.5462305203322988,0.5350885972770695,0.4649114027229305,1.1406998010849834,1.1685868644556239,True,True,0.430415384126964,0.031837824402702886
derma,scratch,4,contrast_up,2,0.5462305203322988,0.5322946502641468,0.4677053497358532,1.1406998010849834,1.1685868644556239,True,True,0.430415384126964,0.031837824402702886
derma,scratch,4,contrast_up,3,0.5462305203322988,0.5160029514373118,0.4839970485626882,1.1406998010849834,1.1685868644556239,True,True,0.430415384126964,0.031837824402702886
derma,scratch,4,contrast_up,4,0.5462305203322988,0.5036588964126055,0.49634110358739447,1.1406998010849834,1.1685868644556239,True,True,0.430415384126964,0.031837824402702886
derma,scratch,4,contrast_up,5,0.5462305203322988,0.4580811893211438,0.5419188106788562,1.1406998010849834,1.1685868644556239,True,True,0.430415384126964,0.031837824402702886
derma,pretrained,0,contrast_down,1,0.7104744268353997,0.6556779864783964,0.34432201352160363,0.8940779905991327,1.3672598037228576,True,False,0.5398210493891896,0.1412434896649285
derma,pretrained,0,contrast_down,2,0.7104744268353997,0.6115808022737654,0.38841919772623457,0.8940779905991327,1.3672598037228576,True,False,0.5398210493891896,0.1412434896649285
derma,pretrained,0,contrast_down,3,0.7104744268353997,0.5450052097019595,0.45499479029804046,0.8940779905991327,1.3672598037228576,True,False,0.5398210493891896,0.1412434896649285
derma,pretrained,0,contrast_down,4,0.7104744268353997,0.44591947846770313,0.5540805215322968,0.8940779905991327,1.3672598037228576,True,False,0.5398210493891896,0.1412434896649285
derma,pretrained,0,contrast_down,5,0.7104744268353997,0.32860592747316647,0.6713940725268335,0.8940779905991327,1.3672598037228576,True,False,0.5398210493891896,0.1412434896649285
derma,pretrained,1,contrast_down,1,0.7440463834561305,0.6903450142549025,0.30965498574509753,0.8510387685105472,1.440455946161012,True,False,0.5398210493891896,0.1412434896649285
derma,pretrained,1,contrast_down,2,0.7440463834561305,0.6447566496125435,0.35524335038745647,0.8510387685105472,1.440455946161012,True,False,0.5398210493891896,0.1412434896649285
derma,pretrained,1,contrast_down,3,0.7440463834561305,0.5685036938479008,0.4314963061520992,0.8510387685105472,1.440455946161012,True,False,0.5398210493891896,0.1412434896649285
derma,pretrained,1,contrast_down,4,0.7440463834561305,0.45205354897449723,0.5479464510255028,0.8510387685105472,1.440455946161012,True,False,0.5398210493891896,0.1412434896649285
derma,pretrained,1,contrast_down,5,0.7440463834561305,0.34729788786891963,0.6527021121310803,0.8510387685105472,1.440455946161012,True,False,0.5398210493891896,0.1412434896649285
derma,pretrained,2,contrast_down,1,0.684106628040369,0.6601626068456727,0.33983739315432726,0.9011403760993182,1.2075683765523901,True,False,0.5398210493891896,0.1412434896649285
derma,pretrained,2,contrast_down,2,0.684106628040369,0.6059975333744188,0.39400246662558125,0.9011403760993182,1.2075683765523901,True,False,0.5398210493891896,0.1412434896649285
derma,pretrained,2,contrast_down,3,0.684106628040369,0.5306009223272631,0.4693990776727369,0.9011403760993182,1.2075683765523901,True,False,0.5398210493891896,0.1412434896649285
derma,pretrained,2,contrast_down,4,0.684106628040369,0.4442168092525981,0.5557831907474019,0.9011403760993182,1.2075683765523901,True,False,0.5398210493891896,0.1412434896649285
derma,pretrained,2,contrast_down,5,0.684106628040369,0.3267494108355328,0.6732505891644671,0.9011403760993182,1.2075683765523901,True,False,0.5398210493891896,0.1412434896649285
derma,pretrained,3,contrast_down,1,0.759823002459764,0.70853809376278,0.29146190623722,0.8594023088746646,1.5841187386036053,True,False,0.5398210493891896,0.1412434896649285
derma,pretrained,3,contrast_down,2,0.759823002459764,0.6507233179270814,0.3492766820729186,0.8594023088746646,1.5841187386036053,True,False,0.5398210493891896,0.1412434896649285
derma,pretrained,3,contrast_down,3,0.759823002459764,0.5543022936961464,0.44569770630385364,0.8594023088746646,1.5841187386036053,True,False,0.5398210493891896,0.1412434896649285
derma,pretrained,3,contrast_down,4,0.759823002459764,0.45228892264470144,0.5477110773552986,0.8594023088746646,1.5841187386036053,True,False,0.5398210493891896,0.1412434896649285
derma,pretrained,3,contrast_down,5,0.759823002459764,0.3145300908482211,0.6854699091517789,0.8594023088746646,1.5841187386036053,True,False,0.5398210493891896,0.1412434896649285
derma,pretrained,4,contrast_down,1,0.7342786555676982,0.6916978917874619,0.3083021082125381,0.8330639841118876,1.3026025490858488,True,False,0.5398210493891896,0.1412434896649285
derma,pretrained,4,contrast_down,2,0.7342786555676982,0.6389114712383172,0.36108852876168285,0.8330639841118876,1.3026025490858488,True,False,0.5398210493891896,0.1412434896649285
derma,pretrained,4,contrast_down,3,0.7342786555676982,0.5640422779097792,0.43595772209022077,0.8330639841118876,1.3026025490858488,True,False,0.5398210493891896,0.1412434896649285
derma,pretrained,4,contrast_down,4,0.7342786555676982,0.47835886724806953,0.5216411327519305,0.8330639841118876,1.3026025490858488,True,False,0.5398210493891896,0.1412434896649285
derma,pretrained,4,contrast_down,5,0.7342786555676982,0.37846212125828016,0.6215378787417198,0.8330639841118876,1.3026025490858488,True,False,0.5398210493891896,0.1412434896649285
derma,scratch,0,contrast_down,1,0.5642540763608883,0.4797433612166487,0.5202566387833514,1.2275815970725947,1.6066472362146775,True,False,0.5398210493891896,0.1412434896649285
derma,scratch,0,contrast_down,2,0.5642540763608883,0.40355555314092495,0.596444446859075,1.2275815970725947,1.6066472362146775,True,False,0.5398210493891896,0.1412434896649285
derma,scratch,0,contrast_down,3,0.5642540763608883,0.3358661320936168,0.6641338679063832,1.2275815970725947,1.6066472362146775,True,False,0.5398210493891896,0.1412434896649285
derma,scratch,0,contrast_down,4,0.5642540763608883,0.2648471288829382,0.7351528711170618,1.2275815970725947,1.6066472362146775,True,False,0.5398210493891896,0.1412434896649285
derma,scratch,0,contrast_down,5,0.5642540763608883,0.20261589495294444,0.7973841050470556,1.2275815970725947,1.6066472362146775,True,False,0.5398210493891896,0.1412434896649285
derma,scratch,1,contrast_down,1,0.5453605518324164,0.46022298978720777,0.5397770102127922,1.268181448970028,1.6280509138993475,True,False,0.5398210493891896,0.1412434896649285
derma,scratch,1,contrast_down,2,0.5453605518324164,0.37150696628797697,0.628493033712023,1.268181448970028,1.6280509138993475,True,False,0.5398210493891896,0.1412434896649285
derma,scratch,1,contrast_down,3,0.5453605518324164,0.3160988948756754,0.6839011051243247,1.268181448970028,1.6280509138993475,True,False,0.5398210493891896,0.1412434896649285
derma,scratch,1,contrast_down,4,0.5453605518324164,0.25146191120664785,0.7485380887933522,1.268181448970028,1.6280509138993475,True,False,0.5398210493891896,0.1412434896649285
derma,scratch,1,contrast_down,5,0.5453605518324164,0.1777540348479744,0.8222459651520256,1.268181448970028,1.6280509138993475,True,False,0.5398210493891896,0.1412434896649285
derma,scratch,2,contrast_down,1,0.5534051671878045,0.4775394229547822,0.5224605770452178,1.2370639975954005,1.5660782175241332,True,False,0.5398210493891896,0.1412434896649285
derma,scratch,2,contrast_down,2,0.5534051671878045,0.4050638376728758,0.5949361623271242,1.2370639975954005,1.5660782175241332,True,False,0.5398210493891896,0.1412434896649285
derma,scratch,2,contrast_down,3,0.5534051671878045,0.3266063166652557,0.6733936833347443,1.2370639975954005,1.5660782175241332,True,False,0.5398210493891896,0.1412434896649285
derma,scratch,2,contrast_down,4,0.5534051671878045,0.250249626126231,0.749750373873769,1.2370639975954005,1.5660782175241332,True,False,0.5398210493891896,0.1412434896649285
derma,scratch,2,contrast_down,5,0.5534051671878045,0.2015748698631796,0.7984251301368204,1.2370639975954005,1.5660782175241332,True,False,0.5398210493891896,0.1412434896649285
derma,scratch,3,contrast_down,1,0.5595158868406569,0.5187720906453926,0.48122790935460735,1.193271294871837,1.4419698205385043,True,False,0.5398210493891896,0.1412434896649285
derma,scratch,3,contrast_down,2,0.5595158868406569,0.4453392952510152,0.5546607047489849,1.193271294871837,1.4419698205385043,True,False,0.5398210493891896,0.1412434896649285
derma,scratch,3,contrast_down,3,0.5595158868406569,0.35494209055181203,0.645057909448188,1.193271294871837,1.4419698205385043,True,False,0.5398210493891896,0.1412434896649285
derma,scratch,3,contrast_down,4,0.5595158868406569,0.27204942659393716,0.7279505734060628,1.193271294871837,1.4419698205385043,True,False,0.5398210493891896,0.1412434896649285
derma,scratch,3,contrast_down,5,0.5595158868406569,0.18813228393928205,0.811867716060718,1.193271294871837,1.4419698205385043,True,False,0.5398210493891896,0.1412434896649285
derma,scratch,4,contrast_down,1,0.5462305203322988,0.49700863973476583,0.5029913602652342,1.2314857874126717,1.4939624537871723,True,False,0.5398210493891896,0.1412434896649285
derma,scratch,4,contrast_down,2,0.5462305203322988,0.3974076236761522,0.6025923763238479,1.2314857874126717,1.4939624537871723,True,False,0.5398210493891896,0.1412434896649285
derma,scratch,4,contrast_down,3,0.5462305203322988,0.3238819373688977,0.6761180626311023,1.2314857874126717,1.4939624537871723,True,False,0.5398210493891896,0.1412434896649285
derma,scratch,4,contrast_down,4,0.5462305203322988,0.2446788247202432,0.7553211752797568,1.2314857874126717,1.4939624537871723,True,False,0.5398210493891896,0.1412434896649285
derma,scratch,4,contrast_down,5,0.5462305203322988,0.2131132241550366,0.7868867758449634,1.2314857874126717,1.4939624537871723,True,False,0.5398210493891896,0.1412434896649285
derma,pretrained,0,black_corner,1,0.7104744268353997,0.611976455792675,0.388023544207325,0.5848631292918762,0.4284093701728985,True,False,0.7591457853547467,0.36056822563048563
derma,pretrained,0,black_corner,2,0.7104744268353997,0.5879039009321675,0.4120960990678325,0.5848631292918762,0.4284093701728985,True,False,0.7591457853547467,0.36056822563048563
derma,pretrained,0,black_corner,3,0.7104744268353997,0.5424833272643561,0.4575166727356439,0.5848631292918762,0.4284093701728985,True,False,0.7591457853547467,0.36056822563048563
derma,pretrained,0,black_corner,4,0.7104744268353997,0.4962692069682416,0.5037307930317584,0.5848631292918762,0.4284093701728985,True,False,0.7591457853547467,0.36056822563048563
derma,pretrained,0,black_corner,5,0.7104744268353997,0.541385210985979,0.458614789014021,0.5848631292918762,0.4284093701728985,True,False,0.7591457853547467,0.36056822563048563
derma,pretrained,1,black_corner,1,0.7440463834561305,0.6782559107279968,0.32174408927200315,0.5552494905589518,0.4591688403625406,True,False,0.7591457853547467,0.36056822563048563
derma,pretrained,1,black_corner,2,0.7440463834561305,0.6347018239710281,0.36529817602897185,0.5552494905589518,0.4591688403625406,True,False,0.7591457853547467,0.36056822563048563
derma,pretrained,1,black_corner,3,0.7440463834561305,0.5256340132361307,0.4743659867638693,0.5552494905589518,0.4591688403625406,True,False,0.7591457853547467,0.36056822563048563
derma,pretrained,1,black_corner,4,0.7440463834561305,0.5208371034340998,0.47916289656590016,0.5552494905589518,0.4591688403625406,True,False,0.7591457853547467,0.36056822563048563
derma,pretrained,1,black_corner,5,0.7440463834561305,0.5329945957397523,0.4670054042602477,0.5552494905589518,0.4591688403625406,True,False,0.7591457853547467,0.36056822563048563
derma,pretrained,2,black_corner,1,0.684106628040369,0.5780401984977807,0.42195980150221934,0.7369885180579724,0.6755680009046374,True,False,0.7591457853547467,0.36056822563048563
derma,pretrained,2,black_corner,2,0.684106628040369,0.5103437875314419,0.48965621246855806,0.7369885180579724,0.6755680009046374,True,False,0.7591457853547467,0.36056822563048563
derma,pretrained,2,black_corner,3,0.684106628040369,0.42270092772113876,0.5772990722788612,0.7369885180579724,0.6755680009046374,True,False,0.7591457853547467,0.36056822563048563
derma,pretrained,2,black_corner,4,0.684106628040369,0.3322104986650044,0.6677895013349956,0.7369885180579724,0.6755680009046374,True,False,0.7591457853547467,0.36056822563048563
derma,pretrained,2,black_corner,5,0.684106628040369,0.359295950891882,0.640704049108118,0.7369885180579724,0.6755680009046374,True,False,0.7591457853547467,0.36056822563048563
derma,pretrained,3,black_corner,1,0.759823002459764,0.6172674002833621,0.38273259971663787,0.5990773332782621,0.5951995208237022,True,False,0.7591457853547467,0.36056822563048563
derma,pretrained,3,black_corner,2,0.759823002459764,0.5679592195255759,0.43204078047442407,0.5990773332782621,0.5951995208237022,True,False,0.7591457853547467,0.36056822563048563
derma,pretrained,3,black_corner,3,0.759823002459764,0.5414113988923949,0.45858860110760513,0.5990773332782621,0.5951995208237022,True,False,0.7591457853547467,0.36056822563048563
derma,pretrained,3,black_corner,4,0.759823002459764,0.489390414142719,0.510609585857281,0.5990773332782621,0.5951995208237022,True,False,0.7591457853547467,0.36056822563048563
derma,pretrained,3,black_corner,5,0.759823002459764,0.5100364038571799,0.48996359614282015,0.5990773332782621,0.5951995208237022,True,False,0.7591457853547467,0.36056822563048563
derma,pretrained,4,black_corner,1,0.7342786555676982,0.6327939284844675,0.36720607151553253,0.5859586982694881,0.4967346510851026,True,False,0.7591457853547467,0.36056822563048563
derma,pretrained,4,black_corner,2,0.7342786555676982,0.5959090140112133,0.4040909859887867,0.5859586982694881,0.4967346510851026,True,False,0.7591457853547467,0.36056822563048563
derma,pretrained,4,black_corner,3,0.7342786555676982,0.5193405465496791,0.4806594534503209,0.5859586982694881,0.4967346510851026,True,False,0.7591457853547467,0.36056822563048563
derma,pretrained,4,black_corner,4,0.7342786555676982,0.5045711424689673,0.4954288575310327,0.5859586982694881,0.4967346510851026,True,False,0.7591457853547467,0.36056822563048563
derma,pretrained,4,black_corner,5,0.7342786555676982,0.5232449875694953,0.47675501243050467,0.5859586982694881,0.4967346510851026,True,False,0.7591457853547467,0.36056822563048563
derma,scratch,0,black_corner,1,0.5642540763608883,0.4018590403915013,0.5981409596084988,0.9066475413787312,0.700371575335628,True,False,0.7591457853547467,0.36056822563048563
derma,scratch,0,black_corner,2,0.5642540763608883,0.34600369229337463,0.6539963077066253,0.9066475413787312,0.700371575335628,True,False,0.7591457853547467,0.36056822563048563
derma,scratch,0,black_corner,3,0.5642540763608883,0.3102770342991995,0.6897229657008005,0.9066475413787312,0.700371575335628,True,False,0.7591457853547467,0.36056822563048563
derma,scratch,0,black_corner,4,0.5642540763608883,0.2327253665270733,0.7672746334729267,0.9066475413787312,0.700371575335628,True,False,0.7591457853547467,0.36056822563048563
derma,scratch,0,black_corner,5,0.5642540763608883,0.2677465672893155,0.7322534327106844,0.9066475413787312,0.700371575335628,True,False,0.7591457853547467,0.36056822563048563
derma,scratch,1,black_corner,1,0.5453605518324164,0.41100738902006073,0.5889926109799393,0.8985854236247639,0.6309981656329542,True,False,0.7591457853547467,0.36056822563048563
derma,scratch,1,black_corner,2,0.5453605518324164,0.3760606277445094,0.6239393722554907,0.8985854236247639,0.6309981656329542,True,False,0.7591457853547467,0.36056822563048563
derma,scratch,1,black_corner,3,0.5453605518324164,0.2858948343527294,0.7141051656472706,0.8985854236247639,0.6309981656329542,True,False,0.7591457853547467,0.36056822563048563
derma,scratch,1,black_corner,4,0.5453605518324164,0.28428542881309476,0.7157145711869053,0.8985854236247639,0.6309981656329542,True,False,0.7591457853547467,0.36056822563048563
derma,scratch,1,black_corner,5,0.5453605518324164,0.23196503443986013,0.7680349655601398,0.8985854236247639,0.6309981656329542,True,False,0.7591457853547467,0.36056822563048563
derma,scratch,2,black_corner,1,0.5534051671878045,0.3924932183469543,0.6075067816530457,0.9713782719224494,0.8065682653938223,True,False,0.7591457853547467,0.36056822563048563
derma,scratch,2,black_corner,2,0.5534051671878045,0.32200814702498526,0.6779918529750147,0.9713782719224494,0.8065682653938223,True,False,0.7591457853547467,0.36056822563048563
derma,scratch,2,black_corner,3,0.5534051671878045,0.26152361433779847,0.7384763856622015,0.9713782719224494,0.8065682653938223,True,False,0.7591457853547467,0.36056822563048563
derma,scratch,2,black_corner,4,0.5534051671878045,0.1496688071311119,0.8503311928688881,0.9713782719224494,0.8065682653938223,True,False,0.7591457853547467,0.36056822563048563
derma,scratch,2,black_corner,5,0.5534051671878045,0.1872176075836269,0.8127823924163731,0.9713782719224494,0.8065682653938223,True,False,0.7591457853547467,0.36056822563048563
derma,scratch,3,black_corner,1,0.5595158868406569,0.2972168321018414,0.7027831678981586,0.9568208899662681,0.7928664049585522,True,False,0.7591457853547467,0.36056822563048563
derma,scratch,3,black_corner,2,0.5595158868406569,0.3248192559791062,0.6751807440208938,0.9568208899662681,0.7928664049585522,True,False,0.7591457853547467,0.36056822563048563
derma,scratch,3,black_corner,3,0.5595158868406569,0.2944281395597483,0.7055718604402517,0.9568208899662681,0.7928664049585522,True,False,0.7591457853547467,0.36056822563048563
derma,scratch,3,black_corner,4,0.5595158868406569,0.20402084874963705,0.7959791512503629,0.9568208899662681,0.7928664049585522,True,False,0.7591457853547467,0.36056822563048563
derma,scratch,3,black_corner,5,0.5595158868406569,0.24768219382331505,0.752317806176685,0.9568208899662681,0.7928664049585522,True,False,0.7591457853547467,0.36056822563048563
derma,scratch,4,black_corner,1,0.5462305203322988,0.39459792146434414,0.6054020785356559,0.9778376522616923,0.800269775029079,True,False,0.7591457853547467,0.36056822563048563
derma,scratch,4,black_corner,2,0.5462305203322988,0.30525374603093974,0.6947462539690603,0.9778376522616923,0.800269775029079,True,False,0.7591457853547467,0.36056822563048563
derma,scratch,4,black_corner,3,0.5462305203322988,0.23882561180131906,0.761174388198681,0.9778376522616923,0.800269775029079,True,False,0.7591457853547467,0.36056822563048563
derma,scratch,4,black_corner,4,0.5462305203322988,0.15595611285266456,0.8440438871473355,0.9778376522616923,0.800269775029079,True,False,0.7591457853547467,0.36056822563048563
derma,scratch,4,black_corner,5,0.5462305203322988,0.19375994547251205,0.8062400545274879,0.9778376522616923,0.800269775029079,True,False,0.7591457853547467,0.36056822563048563
derma,pretrained,0,characters,1,0.7104744268353997,0.6970677819800847,0.3029322180199153,0.6787681702844386,0.28006728908346923,True,True,0.4461917314736283,0.04761417174936716
derma,pretrained,0,characters,2,0.7104744268353997,0.6966967023474417,0.30330329765255826,0.6787681702844386,0.28006728908346923,True,True,0.4461917314736283,0.04761417174936716
derma,pretrained,0,characters,3,0.7104744268353997,0.7077020410470166,0.2922979589529834,0.6787681702844386,0.28006728908346923,True,True,0.4461917314736283,0.04761417174936716
derma,pretrained,0,characters,4,0.7104744268353997,0.6988424877657102,0.30115751223428977,0.6787681702844386,0.28006728908346923,True,True,0.4461917314736283,0.04761417174936716
derma,pretrained,0,characters,5,0.7104744268353997,0.6853872610177456,0.3146127389822544,0.6787681702844386,0.28006728908346923,True,True,0.4461917314736283,0.04761417174936716
derma,pretrained,1,characters,1,0.7440463834561305,0.7486168403508345,0.25138315964916547,0.6050490382073861,0.29432962761814363,True,True,0.4461917314736283,0.04761417174936716
derma,pretrained,1,characters,2,0.7440463834561305,0.732082265311484,0.267917734688516,0.6050490382073861,0.29432962761814363,True,True,0.4461917314736283,0.04761417174936716
derma,pretrained,1,characters,3,0.7440463834561305,0.738029424917387,0.261970575082613,0.6050490382073861,0.29432962761814363,True,True,0.4461917314736283,0.04761417174936716
derma,pretrained,1,characters,4,0.7440463834561305,0.7294393559422209,0.27056064405777913,0.6050490382073861,0.29432962761814363,True,True,0.4461917314736283,0.04761417174936716
derma,pretrained,1,characters,5,0.7440463834561305,0.7019927235570383,0.29800727644296165,0.6050490382073861,0.29432962761814363,True,True,0.4461917314736283,0.04761417174936716
derma,pretrained,2,characters,1,0.684106628040369,0.6872378759244834,0.3127621240755166,0.7156338547482459,0.07175461981403262,True,True,0.4461917314736283,0.04761417174936716
derma,pretrained,2,characters,2,0.684106628040369,0.6781756142130984,0.32182438578690165,0.7156338547482459,0.07175461981403262,True,True,0.4461917314736283,0.04761417174936716
derma,pretrained,2,characters,3,0.684106628040369,0.6738010827471805,0.32619891725281946,0.7156338547482459,0.07175461981403262,True,True,0.4461917314736283,0.04761417174936716
derma,pretrained,2,characters,4,0.684106628040369,0.6740572053892838,0.3259427946107162,0.7156338547482459,0.07175461981403262,True,True,0.4461917314736283,0.04761417174936716
derma,pretrained,2,characters,5,0.684106628040369,0.6901786779696197,0.30982132203038026,0.7156338547482459,0.07175461981403262,True,True,0.4461917314736283,0.04761417174936716
derma,pretrained,3,characters,1,0.759823002459764,0.7437852279265601,0.2562147720734399,0.5943969125181786,0.5258516344802662,True,True,0.4461917314736283,0.04761417174936716
derma,pretrained,3,characters,2,0.759823002459764,0.7340186701707238,0.26598132982927625,0.5943969125181786,0.5258516344802662,True,True,0.4461917314736283,0.04761417174936716
derma,pretrained,3,characters,3,0.759823002459764,0.7430907963890149,0.2569092036109851,0.5943969125181786,0.5258516344802662,True,True,0.4461917314736283,0.04761417174936716
derma,pretrained,3,characters,4,0.759823002459764,0.74314492238486,0.25685507761514004,0.5943969125181786,0.5258516344802662,True,True,0.4461917314736283,0.04761417174936716
derma,pretrained,3,characters,5,0.759823002459764,0.7098854452335169,0.29011455476648307,0.5943969125181786,0.5258516344802662,True,True,0.4461917314736283,0.04761417174936716
derma,pretrained,4,characters,1,0.7342786555676982,0.7446522372788836,0.25534776272111637,0.6362085120136968,0.38118132594822324,True,True,0.4461917314736283,0.04761417174936716
derma,pretrained,4,characters,2,0.7342786555676982,0.7086738051265302,0.2913261948734698,0.6362085120136968,0.38118132594822324,True,True,0.4461917314736283,0.04761417174936716
derma,pretrained,4,characters,3,0.7342786555676982,0.7042214243273219,0.29577857567267807,0.6362085120136968,0.38118132594822324,True,True,0.4461917314736283,0.04761417174936716
derma,pretrained,4,characters,4,0.7342786555676982,0.7353818496423392,0.2646181503576608,0.6362085120136968,0.38118132594822324,True,True,0.4461917314736283,0.04761417174936716
derma,pretrained,4,characters,5,0.7342786555676982,0.687715795856665,0.312284204143335,0.6362085120136968,0.38118132594822324,True,True,0.4461917314736283,0.04761417174936716
derma,scratch,0,characters,1,0.5642540763608883,0.5535767025050431,0.4464232974949569,1.007375988239031,0.2885047097012993,True,True,0.4461917314736283,0.04761417174936716
derma,scratch,0,characters,2,0.5642540763608883,0.5611923228912288,0.4388076771087712,1.007375988239031,0.2885047097012993,True,True,0.4461917314736283,0.04761417174936716
derma,scratch,0,characters,3,0.5642540763608883,0.5472689890485916,0.45273101095140844,1.007375988239031,0.2885047097012993,True,True,0.4461917314736283,0.04761417174936716
derma,scratch,0,characters,4,0.5642540763608883,0.5596065028837526,0.4403934971162474,1.007375988239031,0.2885047097012993,True,True,0.4461917314736283,0.04761417174936716
derma,scratch,0,characters,5,0.5642540763608883,0.5309413004847305,0.46905869951526946,1.007375988239031,0.2885047097012993,True,True,0.4461917314736283,0.04761417174936716
derma,scratch,1,characters,1,0.5453605518324164,0.528363693998079,0.47163630600192097,1.068895354072917,0.46819717347334644,True,True,0.4461917314736283,0.04761417174936716
derma,scratch,1,characters,2,0.5453605518324164,0.510155135128671,0.48984486487132906,1.068895354072917,0.46819717347334644,True,True,0.4461917314736283,0.04761417174936716
derma,scratch,1,characters,3,0.5453605518324164,0.521616777560404,0.47838322243959597,1.068895354072917,0.46819717347334644,True,True,0.4461917314736283,0.04761417174936716
derma,scratch,1,characters,4,0.5453605518324164,0.5292466974560084,0.4707533025439916,1.068895354072917,0.46819717347334644,True,True,0.4461917314736283,0.04761417174936716
derma,scratch,1,characters,5,0.5453605518324164,0.5259563518672786,0.4740436481327214,1.068895354072917,0.46819717347334644,True,True,0.4461917314736283,0.04761417174936716
derma,scratch,2,characters,1,0.5534051671878045,0.5439008975315821,0.4560991024684179,1.0345117705654003,0.31494331992509517,True,True,0.4461917314736283,0.04761417174936716
derma,scratch,2,characters,2,0.5534051671878045,0.5544937861037968,0.44550621389620315,1.0345117705654003,0.31494331992509517,True,True,0.4461917314736283,0.04761417174936716
derma,scratch,2,characters,3,0.5534051671878045,0.5195353771608363,0.4804646228391637,1.0345117705654003,0.31494331992509517,True,True,0.4461917314736283,0.04761417174936716
derma,scratch,2,characters,4,0.5534051671878045,0.5347848909620602,0.46521510903793983,1.0345117705654003,0.31494331992509517,True,True,0.4461917314736283,0.04761417174936716
derma,scratch,2,characters,5,0.5534051671878045,0.5393320575496003,0.46066794245039966,1.0345117705654003,0.31494331992509517,True,True,0.4461917314736283,0.04761417174936716
derma,scratch,3,characters,1,0.5595158868406569,0.5651889781831736,0.4348110218168264,1.014086466550933,0.25187633795500736,True,True,0.4461917314736283,0.04761417174936716
derma,scratch,3,characters,2,0.5595158868406569,0.5514906891508445,0.44850931084915546,1.014086466550933,0.25187633795500736,True,True,0.4461917314736283,0.04761417174936716
derma,scratch,3,characters,3,0.5595158868406569,0.5369612415086246,0.46303875849137544,1.014086466550933,0.25187633795500736,True,True,0.4461917314736283,0.04761417174936716
derma,scratch,3,characters,4,0.5595158868406569,0.5328485745493685,0.4671514254506315,1.014086466550933,0.25187633795500736,True,True,0.4461917314736283,0.04761417174936716
derma,scratch,3,characters,5,0.5595158868406569,0.5511255347363164,0.4488744652636836,1.014086466550933,0.25187633795500736,True,True,0.4461917314736283,0.04761417174936716
derma,scratch,4,characters,1,0.5462305203322988,0.5359386448572484,0.4640613551427516,1.043478836497334,0.24829055532796132,True,True,0.4461917314736283,0.04761417174936716
derma,scratch,4,characters,2,0.5462305203322988,0.5198426282822854,0.48015737171771455,1.043478836497334,0.24829055532796132,True,True,0.4461917314736283,0.04761417174936716
derma,scratch,4,characters,3,0.5462305203322988,0.5357277240826044,0.4642722759173956,1.043478836497334,0.24829055532796132,True,True,0.4461917314736283,0.04761417174936716
derma,scratch,4,characters,4,0.5462305203322988,0.5348393361261116,0.46516066387388844,1.043478836497334,0.24829055532796132,True,True,0.4461917314736283,0.04761417174936716
derma,scratch,4,characters,5,0.5462305203322988,0.5456935225875873,0.4543064774124127,1.043478836497334,0.24829055532796132,True,True,0.4461917314736283,0.04761417174936716
