dataset,condition,seed,corruption,severity,clean_bacc,corrupted_bacc,corrupted_error,BE,rBE,rBE_valid,alexnet_error,rBE_denominator
pneumonia,pretrained,0,pixelate,1,0.9098290598290598,0.879059829059829,0.12094017094017095,0.9234338747099766,0.9480796586059738,True,0.22102564102564104,0.12017094017094021
pneumonia,pretrained,0,pixelate,2,0.9098290598290598,0.8354700854700854,0.1645299145299146,0.9234338747099766,0.9480796586059738,True,0.22102564102564104,0.12017094017094021
pneumonia,pretrained,0,pixelate,3,0.9098290598290598,0.8055555555555556,0.19444444444444442,0.9234338747099766,0.9480796586059738,True,0.22102564102564104,0.12017094017094021
pneumonia,pretrained,0,pixelate,4,0.9098290598290598,0.7927350427350428,0.2072649572649572,0.9234338747099766,0.9480796586059738,True,0.22102564102564104,0.12017094017094021
pneumonia,pretrained,0,pixelate,5,0.9098290598290598,0.6666666666666666,0.33333333333333337,0.9234338747099766,0.9480796586059738,True,0.22102564102564104,0.12017094017094021
pneumonia,pretrained,1,pixelate,1,0.8713675213675214,0.8141025641025641,0.1858974358974359,1.403712296983759,1.5113798008534851,True,0.22102564102564104,0.12017094017094021
pneumonia,pretrained,1,pixelate,2,0.8713675213675214,0.7286324786324786,0.2713675213675214,1.403712296983759,1.5113798008534851,True,0.22102564102564104,0.12017094017094021
pneumonia,pretrained,1,pixelate,3,0.8713675213675214,0.688034188034188,0.31196581196581197,1.403712296983759,1.5113798008534851,True,0.22102564102564104,0.12017094017094021
pneumonia,pretrained,1,pixelate,4,0.8713675213675214,0.6901709401709402,0.30982905982905984,1.403712296983759,1.5113798008534851,True,0.22102564102564104,0.12017094017094021
pneumonia,pretrained,1,pixelate,5,0.8713675213675214,0.5277777777777778,0.4722222222222222,1.403712296983759,1.5113798008534851,True,0.22102564102564104,0.12017094017094021
pneumonia,pretrained,2,pixelate,1,0.8833333333333333,0.8354700854700854,0.1645299145299146,1.274168600154679,1.372688477951635,True,0.22102564102564104,0.12017094017094021
pneumonia,pretrained,2,pixelate,2,0.8833333333333333,0.7606837606837606,0.23931623931623935,1.274168600154679,1.372688477951635,True,0.22102564102564104,0.12017094017094021
pneumonia,pretrained,2,pixelate,3,0.8833333333333333,0.7158119658119658,0.2841880341880342,1.274168600154679,1.372688477951635,True,0.22102564102564104,0.12017094017094021
pneumonia,pretrained,2,pixelate,4,0.8833333333333333,0.7435897435897436,0.2564102564102564,1.274168600154679,1.372688477951635,True,0.22102564102564104,0.12017094017094021
pneumonia,pretrained,2,pixelate,5,0.8833333333333333,0.5363247863247863,0.4636752136752137,1.274168600154679,1.372688477951635,True,0.22102564102564104,0.12017094017094021
pneumonia,pretrained,3,pixelate,1,0.9055555555555556,0.8418803418803419,0.1581196581196581,1.0924207269914927,1.2233285917496441,True,0.22102564102564104,0.12017094017094021
pneumonia,pretrained,3,pixelate,2,0.9055555555555556,0.767094017094017,0.23290598290598297,1.0924207269914927,1.2233285917496441,True,0.22102564102564104,0.12017094017094021
pneumonia,pretrained,3,pixelate,3,0.9055555555555556,0.7457264957264957,0.25427350427350426,1.0924207269914927,1.2233285917496441,True,0.22102564102564104,0.12017094017094021
pneumonia,pretrained,3,pixelate,4,0.9055555555555556,0.8482905982905983,0.15170940170940173,1.0924207269914927,1.2233285917496441,True,0.22102564102564104,0.12017094017094021
pneumonia,pretrained,3,pixelate,5,0.9055555555555556,0.5897435897435898,0.41025641025641024,1.0924207269914927,1.2233285917496441,True,0.22102564102564104,0.12017094017094021
pneumonia,pretrained,4,pixelate,1,0.8747863247863248,0.8213675213675213,0.17863247863247866,1.2803557617942767,1.3129445234708386,True,0.22102564102564104,0.12017094017094021
pneumonia,pretrained,4,pixelate,2,0.8747863247863248,0.7380341880341881,0.2619658119658119,1.2803557617942767,1.3129445234708386,True,0.22102564102564104,0.12017094017094021
pneumonia,pretrained,4,pixelate,3,0.8747863247863248,0.7158119658119658,0.2841880341880342,1.2803557617942767,1.3129445234708386,True,0.22102564102564104,0.12017094017094021
pneumonia,pretrained,4,pixelate,4,0.8747863247863248,0.7371794871794872,0.2628205128205128,1.2803557617942767,1.3129445234708386,True,0.22102564102564104,0.12017094017094021
pneumonia,pretrained,4,pixelate,5,0.8747863247863248,0.5726495726495726,0.4273504273504274,1.2803557617942767,1.3129445234708386,True,0.22102564102564104,0.12017094017094021
pneumonia,scratch,0,pixelate,1,0.808974358974359,0.8004273504273505,0.19957264957264953,0.9481825212683679,0.15433854907539096,True,0.22102564102564104,0.12017094017094021
pneumonia,scratch,0,pixelate,2,0.808974358974359,0.7931623931623932,0.20683760683760677,0.9481825212683679,0.15433854907539096,True,0.22102564102564104,0.12017094017094021
pneumonia,scratch,0,pixelate,3,0.808974358974359,0.791880341880342,0.20811965811965805,0.9481825212683679,0.15433854907539096,True,0.22102564102564104,0.12017094017094021
pneumonia,scratch,0,pixelate,4,0.808974358974359,0.7829059829059829,0.2170940170940171,0.9481825212683679,0.15433854907539096,True,0.22102564102564104,0.12017094017094021
pneumonia,scratch,0,pixelate,5,0.808974358974359,0.7837606837606838,0.21623931623931625,0.9481825212683679,0.15433854907539096,True,0.22102564102564104,0.12017094017094021
pneumonia,scratch,1,pixelate,1,0.8247863247863247,0.8162393162393162,0.18376068376068377,0.8747099767981437,0.15078236130867642,True,0.22102564102564104,0.12017094017094021
pneumonia,scratch,1,pixelate,2,0.8247863247863247,0.8098290598290598,0.19017094017094016,0.8747099767981437,0.15078236130867642,True,0.22102564102564104,0.12017094017094021
pneumonia,scratch,1,pixelate,3,0.8247863247863247,0.8055555555555556,0.19444444444444442,0.8747099767981437,0.15078236130867642,True,0.22102564102564104,0.12017094017094021
pneumonia,scratch,1,pixelate,4,0.8247863247863247,0.8055555555555556,0.19444444444444442,0.8747099767981437,0.15078236130867642,True,0.22102564102564104,0.12017094017094021
pneumonia,scratch,1,pixelate,5,0.8247863247863247,0.7961538461538462,0.2038461538461538,0.8747099767981437,0.15078236130867642,True,0.22102564102564104,0.12017094017094021
pneumonia,scratch,2,pixelate,1,0.7790598290598291,0.7747863247863248,0.2252136752136752,1.0676720804331012,0.12517780938833586,True,0.22102564102564104,0.12017094017094021
pneumonia,scratch,2,pixelate,2,0.7790598290598291,0.7726495726495727,0.22735042735042732,1.0676720804331012,0.12517780938833586,True,0.22102564102564104,0.12017094017094021
pneumonia,scratch,2,pixelate,3,0.7790598290598291,0.764102564102564,0.23589743589743595,1.0676720804331012,0.12517780938833586,True,0.22102564102564104,0.12017094017094021
pneumonia,scratch,2,pixelate,4,0.7790598290598291,0.7517094017094017,0.2482905982905983,1.0676720804331012,0.12517780938833586,True,0.22102564102564104,0.12017094017094021
pneumonia,scratch,2,pixelate,5,0.7790598290598291,0.7568376068376068,0.2431623931623932,1.0676720804331012,0.12517780938833586,True,0.22102564102564104,0.12017094017094021
pneumonia,scratch,3,pixelate,1,0.8196581196581196,0.8111111111111111,0.18888888888888888,0.8642691415313224,0.08890469416785171,True,0.22102564102564104,0.12017094017094021
pneumonia,scratch,3,pixelate,2,0.8196581196581196,0.8145299145299145,0.18547008547008548,0.8642691415313224,0.08890469416785171,True,0.22102564102564104,0.12017094017094021
pneumonia,scratch,3,pixelate,3,0.8196581196581196,0.805982905982906,0.194017094017094,0.8642691415313224,0.08890469416785171,True,0.22102564102564104,0.12017094017094021
pneumonia,scratch,3,pixelate,4,0.8196581196581196,0.8132478632478632,0.18675213675213675,0.8642691415313224,0.08890469416785171,True,0.22102564102564104,0.12017094017094021
pneumonia,scratch,3,pixelate,5,0.8196581196581196,0.8,0.19999999999999996,0.8642691415313224,0.08890469416785171,True,0.22102564102564104,0.12017094017094021
pneumonia,scratch,4,pixelate,1,0.8111111111111111,0.8038461538461539,0.19615384615384612,0.9079659706109819,0.09815078236130839,True,0.22102564102564104,0.12017094017094021
pneumonia,scratch,4,pixelate,2,0.8111111111111111,0.8004273504273505,0.19957264957264953,0.9079659706109819,0.09815078236130839,True,0.22102564102564104,0.12017094017094021
pneumonia,scratch,4,pixelate,3,0.8111111111111111,0.8008547008547009,0.1991452991452991,0.9079659706109819,0.09815078236130839,True,0.22102564102564104,0.12017094017094021
pneumonia,scratch,4,pixelate,4,0.8111111111111111,0.7957264957264958,0.20427350427350421,0.9079659706109819,0.09815078236130839,True,0.22102564102564104,0.12017094017094021
pneumonia,scratch,4,pixelate,5,0.8111111111111111,0.7957264957264958,0.20427350427350421,0.9079659706109819,0.09815078236130839,True,0.22102564102564104,0.12017094017094021
pneumonia,pretrained,0,jpeg_compression,1,0.9098290598290598,0.8427350427350427,0.15726495726495726,1.1722663408674405,1.3290353390639922,True,0.2798290598290598,0.17897435897435898
pneumonia,pretrained,0,jpeg_compression,2,0.9098290598290598,0.7799145299145299,0.22008547008547008,1.1722663408674405,1.3290353390639922,True,0.2798290598290598,0.17897435897435898
pneumonia,pretrained,0,jpeg_compression,3,0.9098290598290598,0.6452991452991453,0.35470085470085466,1.1722663408674405,1.3290353390639922,True,0.2798290598290598,0.17897435897435898
pneumonia,pretrained,0,jpeg_compression,4,0.9098290598290598,0.5641025641025641,0.4358974358974359,1.1722663408674405,1.3290353390639922,True,0.2798290598290598,0.17897435897435898
pneumonia,pretrained,0,jpeg_compression,5,0.9098290598290598,0.5277777777777778,0.4722222222222222,1.1722663408674405,1.3290353390639922,True,0.2798290598290598,0.17897435897435898
pneumonia,pretrained,1,jpeg_compression,1,0.8713675213675214,0.782051282051282,0.21794871794871795,1.37599266951741,1.4326647564469914,True,0.2798290598290598,0.17897435897435898
pneumonia,pretrained,1,jpeg_compression,2,0.8713675213675214,0.6944444444444444,0.3055555555555556,1.37599266951741,1.4326647564469914,True,0.2798290598290598,0.17897435897435898
pneumonia,pretrained,1,jpeg_compression,3,0.8713675213675214,0.5726495726495726,0.4273504273504274,1.37599266951741,1.4326647564469914,True,0.2798290598290598,0.17897435897435898
pneumonia,pretrained,1,jpeg_compression,4,0.8713675213675214,0.5235042735042735,0.47649572649572647,1.37599266951741,1.4326647564469914,True,0.2798290598290598,0.17897435897435898
pneumonia,pretrained,1,jpeg_compression,5,0.8713675213675214,0.5021367521367521,0.49786324786324787,1.37599266951741,1.4326647564469914,True,0.2798290598290598,0.17897435897435898
pneumonia,pretrained,2,jpeg_compression,1,0.8833333333333333,0.8064102564102564,0.19358974358974357,1.3173488087965792,1.4078319006685769,True,0.2798290598290598,0.17897435897435898
pneumonia,pretrained,2,jpeg_compression,2,0.8833333333333333,0.7350427350427351,0.2649572649572649,1.3173488087965792,1.4078319006685769,True,0.2798290598290598,0.17897435897435898
pneumonia,pretrained,2,jpeg_compression,3,0.8833333333333333,0.5769230769230769,0.42307692307692313,1.3173488087965792,1.4078319006685769,True,0.2798290598290598,0.17897435897435898
pneumonia,pretrained,2,jpeg_compression,4,0.8833333333333333,0.532051282051282,0.46794871794871795,1.3173488087965792,1.4078319006685769,True,0.2798290598290598,0.17897435897435898
pneumonia,pretrained,2,jpeg_compression,5,0.8833333333333333,0.5064102564102564,0.4935897435897436,1.3173488087965792,1.4078319006685769,True,0.2798290598290598,0.17897435897435898
pneumonia,pretrained,3,jpeg_compression,1,0.9055555555555556,0.8397435897435898,0.16025641025641024,1.0965180207697005,1.1867239732569244,True,0.2798290598290598,0.17897435897435898
pneumonia,pretrained,3,jpeg_compression,2,0.9055555555555556,0.7991452991452992,0.2008547008547008,1.0965180207697005,1.1867239732569244,True,0.2798290598290598,0.17897435897435898
pneumonia,pretrained,3,jpeg_compression,3,0.9055555555555556,0.6837606837606838,0.3162393162393162,1.0965180207697005,1.1867239732569244,True,0.2798290598290598,0.17897435897435898
pneumonia,pretrained,3,jpeg_compression,4,0.9055555555555556,0.5961538461538461,0.40384615384615385,1.0965180207697005,1.1867239732569244,True,0.2798290598290598,0.17897435897435898
pneumonia,pretrained,3,jpeg_compression,5,0.9055555555555556,0.5470085470085471,0.45299145299145294,1.0965180207697005,1.1867239732569244,True,0.2798290598290598,0.17897435897435898
pneumonia,pretrained,4,jpeg_compression,1,0.8747863247863248,0.77008547008547,0.22991452991452999,1.3601099572388515,1.4269340974212033,True,0.2798290598290598,0.17897435897435898
pneumonia,pretrained,4,jpeg_compression,2,0.8747863247863248,0.7136752136752137,0.2863247863247863,1.3601099572388515,1.4269340974212033,True,0.2798290598290598,0.17897435897435898
pneumonia,pretrained,4,jpeg_compression,3,0.8747863247863248,0.5854700854700855,0.4145299145299145,1.3601099572388515,1.4269340974212033,True,0.2798290598290598,0.17897435897435898
pneumonia,pretrained,4,jpeg_compression,4,0.8747863247863248,0.5235042735042735,0.47649572649572647,1.3601099572388515,1.4269340974212033,True,0.2798290598290598,0.17897435897435898
pneumonia,pretrained,4,jpeg_compression,5,0.8747863247863248,0.5042735042735043,0.49572649572649574,1.3601099572388515,1.4269340974212033,True,0.2798290598290598,0.17897435897435898
pneumonia,scratch,0,jpeg_compression,1,0.808974358974359,0.8047008547008547,0.19529914529914527,0.7199144777031152,0.05826170009551071,True,0.2798290598290598,0.17897435897435898
pneumonia,scratch,0,jpeg_compression,2,0.808974358974359,0.8025641025641026,0.1974358974358974,0.7199144777031152,0.05826170009551071,True,0.2798290598290598,0.17897435897435898
pneumonia,scratch,0,jpeg_compression,3,0.808974358974359,0.8025641025641026,0.1974358974358974,0.7199144777031152,0.05826170009551071,True,0.2798290598290598,0.17897435897435898
pneumonia,scratch,0,jpeg_compression,4,0.808974358974359,0.7961538461538462,0.2038461538461538,0.7199144777031152,0.05826170009551071,True,0.2798290598290598,0.17897435897435898
pneumonia,scratch,0,jpeg_compression,5,0.808974358974359,0.7867521367521368,0.21324786324786316,0.7199144777031152,0.05826170009551071,True,0.2798290598290598,0.17897435897435898
pneumonia,scratch,1,jpeg_compression,1,0.8247863247863247,0.8183760683760684,0.18162393162393164,0.6792913866829566,0.08309455587392524,True,0.2798290598290598,0.17897435897435898
pneumonia,scratch,1,jpeg_compression,2,0.8247863247863247,0.8226495726495726,0.1773504273504274,0.6792913866829566,0.08309455587392524,True,0.2798290598290598,0.17897435897435898
pneumonia,scratch,1,jpeg_compression,3,0.8247863247863247,0.8111111111111111,0.18888888888888888,0.6792913866829566,0.08309455587392524,True,0.2798290598290598,0.17897435897435898
pneumonia,scratch,1,jpeg_compression,4,0.8247863247863247,0.8111111111111111,0.18888888888888888,0.6792913866829566,0.08309455587392524,True,0.2798290598290598,0.17897435897435898
pneumonia,scratch,1,jpeg_compression,5,0.8247863247863247,0.7863247863247864,0.21367521367521358,0.6792913866829566,0.08309455587392524,True,0.2798290598290598,0.17897435897435898
pneumonia,scratch,2,jpeg_compression,1,0.7790598290598291,0.7811965811965812,0.2188034188034188,0.8017715332926085,0.01910219675262664,True,0.2798290598290598,0.17897435897435898
pneumonia,scratch,2,jpeg_compression,2,0.7790598290598291,0.7769230769230769,0.22307692307692306,0.8017715332926085,0.01910219675262664,True,0.2798290598290598,0.17897435897435898
pneumonia,scratch,2,jpeg_compression,3,0.7790598290598291,0.7811965811965812,0.2188034188034188,0.8017715332926085,0.01910219675262664,True,0.2798290598290598,0.17897435897435898
pneumonia,scratch,2,jpeg_compression,4,0.7790598290598291,0.7726495726495727,0.22735042735042732,0.8017715332926085,0.01910219675262664,True,0.2798290598290598,0.17897435897435898
pneumonia,scratch,2,jpeg_compression,5,0.7790598290598291,0.7662393162393162,0.23376068376068382,0.8017715332926085,0.01910219675262664,True,0.2798290598290598,0.17897435897435898
pneumonia,scratch,3,jpeg_compression,1,0.8196581196581196,0.8175213675213675,0.1824786324786325,0.6533292608430056,0.013849092645654232,True,0.2798290598290598,0.17897435897435898
pneumonia,scratch,3,jpeg_compression,2,0.8196581196581196,0.8196581196581196,0.18034188034188037,0.6533292608430056,0.013849092645654232,True,0.2798290598290598,0.17897435897435898
pneumonia,scratch,3,jpeg_compression,3,0.8196581196581196,0.8166666666666667,0.18333333333333335,0.6533292608430056,0.013849092645654232,True,0.2798290598290598,0.17897435897435898
pneumonia,scratch,3,jpeg_compression,4,0.8196581196581196,0.826068376068376,0.17393162393162398,0.6533292608430056,0.013849092645654232,True,0.2798290598290598,0.17897435897435898
pneumonia,scratch,3,jpeg_compression,5,0.8196581196581196,0.805982905982906,0.194017094017094,0.6533292608430056,0.013849092645654232,True,0.2798290598290598,0.17897435897435898
pneumonia,scratch,4,jpeg_compression,1,0.8111111111111111,0.8111111111111111,0.18888888888888888,0.6832620647525962,0.012893982808022814,True,0.2798290598290598,0.17897435897435898
pneumonia,scratch,4,jpeg_compression,2,0.8111111111111111,0.8111111111111111,0.18888888888888888,0.6832620647525962,0.012893982808022814,True,0.2798290598290598,0.17897435897435898
pneumonia,scratch,4,jpeg_compression,3,0.8111111111111111,0.8132478632478632,0.18675213675213675,0.6832620647525962,0.012893982808022814,True,0.2798290598290598,0.17897435897435898
pneumonia,scratch,4,jpeg_compression,4,0.8111111111111111,0.8047008547008547,0.19529914529914527,0.6832620647525962,0.012893982808022814,True,0.2798290598290598,0.17897435897435898
pneumonia,scratch,4,jpeg_compression,5,0.8111111111111111,0.8038461538461539,0.19615384615384612,0.6832620647525962,0.012893982808022814,True,0.2798290598290598,0.17897435897435898
pneumonia,pretrained,0,gaussian_noise,1,0.9098290598290598,0.7799145299145299,0.22008547008547008,0.8518877057115197,0.8393977415307401,True,0.4414529914529915,0.34059829059829066
pneumonia,pretrained,0,gaussian_noise,2,0.9098290598290598,0.6858974358974359,0.3141025641025641,0.8518877057115197,0.8393977415307401,True,0.4414529914529915,0.34059829059829066
pneumonia,pretrained,0,gaussian_noise,3,0.9098290598290598,0.5961538461538461,0.40384615384615385,0.8518877057115197,0.8393977415307401,True,0.4414529914529915,0.34059829059829066
pneumonia,pretrained,0,gaussian_noise,4,0.9098290598290598,0.5491452991452992,0.4508547008547008,0.8518877057115197,0.8393977415307401,True,0.4414529914529915,0.34059829059829066
pneumonia,pretrained,0,gaussian_noise,5,0.9098290598290598,0.5085470085470085,0.4914529914529915,0.8518877057115197,0.8393977415307401,True,0.4414529914529915,0.34059829059829066
pneumonia,pretrained,1,gaussian_noise,1,0.8713675213675214,0.5683760683760684,0.43162393162393164,1.089060987415295,1.0338770388958591,True,0.4414529914529915,0.34059829059829066
pneumonia,pretrained,1,gaussian_noise,2,0.8713675213675214,0.5213675213675214,0.4786324786324786,1.089060987415295,1.0338770388958591,True,0.4414529914529915,0.34059829059829066
pneumonia,pretrained,1,gaussian_noise,3,0.8713675213675214,0.5042735042735043,0.49572649572649574,1.089060987415295,1.0338770388958591,True,0.4414529914529915,0.34059829059829066
pneumonia,pretrained,1,gaussian_noise,4,0.8713675213675214,0.5021367521367521,0.49786324786324787,1.089060987415295,1.0338770388958591,True,0.4414529914529915,0.34059829059829066
pneumonia,pretrained,1,gaussian_noise,5,0.8713675213675214,0.5,0.5,1.089060987415295,1.0338770388958591,True,0.4414529914529915,0.34059829059829066
pneumonia,pretrained,2,gaussian_noise,1,0.8833333333333333,0.5918803418803419,0.4081196581196581,1.0658276863504355,1.0388958594730235,True,0.4414529914529915,0.34059829059829066
pneumonia,pretrained,2,gaussian_noise,2,0.8833333333333333,0.5384615384615384,0.46153846153846156,1.0658276863504355,1.0388958594730235,True,0.4414529914529915,0.34059829059829066
pneumonia,pretrained,2,gaussian_noise,3,0.8833333333333333,0.5149572649572649,0.4850427350427351,1.0658276863504355,1.0388958594730235,True,0.4414529914529915,0.34059829059829066
pneumonia,pretrained,2,gaussian_noise,4,0.8833333333333333,0.5021367521367521,0.49786324786324787,1.0658276863504355,1.0388958594730235,True,0.4414529914529915,0.34059829059829066
pneumonia,pretrained,2,gaussian_noise,5,0.8833333333333333,0.5,0.5,1.0658276863504355,1.0388958594730235,True,0.4414529914529915,0.34059829059829066
pneumonia,pretrained,3,gaussian_noise,1,0.9055555555555556,0.8376068376068376,0.16239316239316237,0.6544046466602128,0.5708908406524464,True,0.4414529914529915,0.34059829059829066
pneumonia,pretrained,3,gaussian_noise,2,0.9055555555555556,0.7777777777777778,0.2222222222222222,0.6544046466602128,0.5708908406524464,True,0.4414529914529915,0.34059829059829066
pneumonia,pretrained,3,gaussian_noise,3,0.9055555555555556,0.6965811965811965,0.30341880341880345,0.6544046466602128,0.5708908406524464,True,0.4414529914529915,0.34059829059829066
pneumonia,pretrained,3,gaussian_noise,4,0.9055555555555556,0.6452991452991453,0.35470085470085466,0.6544046466602128,0.5708908406524464,True,0.4414529914529915,0.34059829059829066
pneumonia,pretrained,3,gaussian_noise,5,0.9055555555555556,0.5982905982905983,0.4017094017094017,0.6544046466602128,0.5708908406524464,True,0.4414529914529915,0.34059829059829066
pneumonia,pretrained,4,gaussian_noise,1,0.8747863247863248,0.6153846153846154,0.3846153846153846,1.0406582768635042,0.9811794228356334,True,0.4414529914529915,0.34059829059829066
pneumonia,pretrained,4,gaussian_noise,2,0.8747863247863248,0.5747863247863247,0.42521367521367526,1.0406582768635042,0.9811794228356334,True,0.4414529914529915,0.34059829059829066
pneumonia,pretrained,4,gaussian_noise,3,0.8747863247863248,0.5128205128205128,0.4871794871794872,1.0406582768635042,0.9811794228356334,True,0.4414529914529915,0.34059829059829066
pneumonia,pretrained,4,gaussian_noise,4,0.8747863247863248,0.5,0.5,1.0406582768635042,0.9811794228356334,True,0.4414529914529915,0.34059829059829066
pneumonia,pretrained,4,gaussian_noise,5,0.8747863247863248,0.5,0.5,1.0406582768635042,0.9811794228356334,True,0.4414529914529915,0.34059829059829066
pneumonia,scratch,0,gaussian_noise,1,0.808974358974359,0.8196581196581196,0.18034188034188037,0.4317521781219748,-0.0012547051442910054,True,0.4414529914529915,0.34059829059829066
pneumonia,scratch,0,gaussian_noise,2,0.808974358974359,0.8175213675213675,0.1824786324786325,0.4317521781219748,-0.0012547051442910054,True,0.4414529914529915,0.34059829059829066
pneumonia,scratch,0,gaussian_noise,3,0.808974358974359,0.8166666666666667,0.18333333333333335,0.4317521781219748,-0.0012547051442910054,True,0.4414529914529915,0.34059829059829066
pneumonia,scratch,0,gaussian_noise,4,0.808974358974359,0.805982905982906,0.194017094017094,0.4317521781219748,-0.0012547051442910054,True,0.4414529914529915,0.34059829059829066
pneumonia,scratch,0,gaussian_noise,5,0.808974358974359,0.7871794871794872,0.21282051282051284,0.4317521781219748,-0.0012547051442910054,True,0.4414529914529915,0.34059829059829066
pneumonia,scratch,1,gaussian_noise,1,0.8247863247863247,0.7863247863247864,0.21367521367521358,0.6032913843175216,0.2675031367628604,True,0.4414529914529915,0.34059829059829066
pneumonia,scratch,1,gaussian_noise,2,0.8247863247863247,0.7606837606837606,0.23931623931623935,0.6032913843175216,0.2675031367628604,True,0.4414529914529915,0.34059829059829066
pneumonia,scratch,1,gaussian_noise,3,0.8247863247863247,0.7354700854700855,0.2645299145299145,0.6032913843175216,0.2675031367628604,True,0.4414529914529915,0.34059829059829066
pneumonia,scratch,1,gaussian_noise,4,0.8247863247863247,0.7012820512820512,0.29871794871794877,0.6032913843175216,0.2675031367628604,True,0.4414529914529915,0.34059829059829066
pneumonia,scratch,1,gaussian_noise,5,0.8247863247863247,0.6846153846153846,0.3153846153846154,0.6032913843175216,0.2675031367628604,True,0.4414529914529915,0.34059829059829066
pneumonia,scratch,2,gaussian_noise,1,0.7790598290598291,0.7854700854700856,0.21452991452991443,0.526815101645692,0.03412797992471763,True,0.4414529914529915,0.34059829059829066
pneumonia,scratch,2,gaussian_noise,2,0.7790598290598291,0.7854700854700856,0.21452991452991443,0.526815101645692,0.03412797992471763,True,0.4414529914529915,0.34059829059829066
pneumonia,scratch,2,gaussian_noise,3,0.7790598290598291,0.7713675213675214,0.2286324786324786,0.526815101645692,0.03412797992471763,True,0.4414529914529915,0.34059829059829066
pneumonia,scratch,2,gaussian_noise,4,0.7790598290598291,0.7606837606837606,0.23931623931623935,0.526815101645692,0.03412797992471763,True,0.4414529914529915,0.34059829059829066
pneumonia,scratch,2,gaussian_noise,5,0.7790598290598291,0.7341880341880342,0.26581196581196576,0.526815101645692,0.03412797992471763,True,0.4414529914529915,0.34059829059829066
pneumonia,scratch,3,gaussian_noise,1,0.8196581196581196,0.8217948717948718,0.17820512820512824,0.4389157792836399,0.03939774153074026,True,0.4414529914529915,0.34059829059829066
pneumonia,scratch,3,gaussian_noise,2,0.8196581196581196,0.8252136752136752,0.17478632478632483,0.4389157792836399,0.03939774153074026,True,0.4414529914529915,0.34059829059829066
pneumonia,scratch,3,gaussian_noise,3,0.8196581196581196,0.8166666666666667,0.18333333333333335,0.4389157792836399,0.03939774153074026,True,0.4414529914529915,0.34059829059829066
pneumonia,scratch,3,gaussian_noise,4,0.8196581196581196,0.7987179487179488,0.20128205128205123,0.4389157792836399,0.03939774153074026,True,0.4414529914529915,0.34059829059829066
pneumonia,scratch,3,gaussian_noise,5,0.8196581196581196,0.7688034188034187,0.23119658119658126,0.4389157792836399,0.03939774153074026,True,0.4414529914529915,0.34059829059829066
pneumonia,scratch,4,gaussian_noise,1,0.8111111111111111,0.8196581196581196,0.18034188034188037,0.428460793804453,0.0007528230865746847,True,0.4414529914529915,0.34059829059829066
pneumonia,scratch,4,gaussian_noise,2,0.8111111111111111,0.8111111111111111,0.18888888888888888,0.428460793804453,0.0007528230865746847,True,0.4414529914529915,0.34059829059829066
pneumonia,scratch,4,gaussian_noise,3,0.8111111111111111,0.8102564102564103,0.18974358974358974,0.428460793804453,0.0007528230865746847,True,0.4414529914529915,0.34059829059829066
pneumonia,scratch,4,gaussian_noise,4,0.8111111111111111,0.8145299145299145,0.18547008547008548,0.428460793804453,0.0007528230865746847,True,0.4414529914529915,0.34059829059829066
pneumonia,scratch,4,gaussian_noise,5,0.8111111111111111,0.7987179487179488,0.20128205128205123,0.428460793804453,0.0007528230865746847,True,0.4414529914529915,0.34059829059829066
pneumonia,pretrained,0,speckle_noise,1,0.9098290598290598,0.8662393162393163,0.13376068376068373,0.9087762669962918,0.9148342059336824,True,0.3457264957264957,0.2448717948717949
pneumonia,pretrained,0,speckle_noise,2,0.9098290598290598,0.8235042735042735,0.17649572649572653,0.9087762669962918,0.9148342059336824,True,0.3457264957264957,0.2448717948717949
pneumonia,pretrained,0,speckle_noise,3,0.9098290598290598,0.7094017094017094,0.29059829059829057,0.9087762669962918,0.9148342059336824,True,0.3457264957264957,0.2448717948717949
pneumonia,pretrained,0,speckle_noise,4,0.9098290598290598,0.5277777777777778,0.4722222222222222,0.9087762669962918,0.9148342059336824,True,0.3457264957264957,0.2448717948717949
pneumonia,pretrained,0,speckle_noise,5,0.9098290598290598,0.5021367521367521,0.49786324786324787,0.9087762669962918,0.9148342059336824,True,0.3457264957264957,0.2448717948717949
pneumonia,pretrained,1,speckle_noise,1,0.8713675213675214,0.7222222222222222,0.2777777777777778,1.1903584672435106,1.155322862129145,True,0.3457264957264957,0.2448717948717949
pneumonia,pretrained,1,speckle_noise,2,0.8713675213675214,0.641025641025641,0.35897435897435903,1.1903584672435106,1.155322862129145,True,0.3457264957264957,0.2448717948717949
pneumonia,pretrained,1,speckle_noise,3,0.8713675213675214,0.5747863247863247,0.42521367521367526,1.1903584672435106,1.155322862129145,True,0.3457264957264957,0.2448717948717949
pneumonia,pretrained,1,speckle_noise,4,0.8713675213675214,0.5042735042735043,0.49572649572649574,1.1903584672435106,1.155322862129145,True,0.3457264957264957,0.2448717948717949
pneumonia,pretrained,1,speckle_noise,5,0.8713675213675214,0.5,0.5,1.1903584672435106,1.155322862129145,True,0.3457264957264957,0.2448717948717949
pneumonia,pretrained,2,speckle_noise,1,0.8833333333333333,0.7841880341880342,0.21581196581196582,1.0828182941903586,1.052356020942408,True,0.3457264957264957,0.2448717948717949
pneumonia,pretrained,2,speckle_noise,2,0.8833333333333333,0.7136752136752137,0.2863247863247863,1.0828182941903586,1.052356020942408,True,0.3457264957264957,0.2448717948717949
pneumonia,pretrained,2,speckle_noise,3,0.8833333333333333,0.6025641025641025,0.39743589743589747,1.0828182941903586,1.052356020942408,True,0.3457264957264957,0.2448717948717949
pneumonia,pretrained,2,speckle_noise,4,0.8833333333333333,0.5277777777777778,0.4722222222222222,1.0828182941903586,1.052356020942408,True,0.3457264957264957,0.2448717948717949
pneumonia,pretrained,2,speckle_noise,5,0.8833333333333333,0.5,0.5,1.0828182941903586,1.052356020942408,True,0.3457264957264957,0.2448717948717949
pneumonia,pretrained,3,speckle_noise,1,0.9055555555555556,0.8991452991452992,0.10085470085470083,0.7599505562422743,0.6872600349040137,True,0.3457264957264957,0.2448717948717949
pneumonia,pretrained,3,speckle_noise,2,0.9055555555555556,0.861965811965812,0.138034188034188,0.7599505562422743,0.6872600349040137,True,0.3457264957264957,0.2448717948717949
pneumonia,pretrained,3,speckle_noise,3,0.9055555555555556,0.782051282051282,0.21794871794871795,0.7599505562422743,0.6872600349040137,True,0.3457264957264957,0.2448717948717949
pneumonia,pretrained,3,speckle_noise,4,0.9055555555555556,0.6132478632478633,0.3867521367521367,0.7599505562422743,0.6872600349040137,True,0.3457264957264957,0.2448717948717949
pneumonia,pretrained,3,speckle_noise,5,0.9055555555555556,0.5299145299145299,0.4700854700854701,0.7599505562422743,0.6872600349040137,True,0.3457264957264957,0.2448717948717949
pneumonia,pretrained,4,speckle_noise,1,0.8747863247863248,0.7457264957264957,0.25427350427350426,1.1520395550061806,1.1151832460732984,True,0.3457264957264957,0.2448717948717949
pneumonia,pretrained,4,speckle_noise,2,0.8747863247863248,0.6794871794871795,0.3205128205128205,1.1520395550061806,1.1151832460732984,True,0.3457264957264957,0.2448717948717949
pneumonia,pretrained,4,speckle_noise,3,0.8747863247863248,0.5811965811965812,0.41880341880341876,1.1520395550061806,1.1151832460732984,True,0.3457264957264957,0.2448717948717949
pneumonia,pretrained,4,speckle_noise,4,0.8747863247863248,0.5021367521367521,0.49786324786324787,1.1520395550061806,1.1151832460732984,True,0.3457264957264957,0.2448717948717949
pneumonia,pretrained,4,speckle_noise,5,0.8747863247863248,0.5,0.5,1.1520395550061806,1.1151832460732984,True,0.3457264957264957,0.2448717948717949
pneumonia,scratch,0,speckle_noise,1,0.808974358974359,0.8175213675213675,0.1824786324786325,0.5203955500618047,-0.04537521815008721,True,0.3457264957264957,0.2448717948717949
pneumonia,scratch,0,speckle_noise,2,0.808974358974359,0.8239316239316239,0.1760683760683761,0.5203955500618047,-0.04537521815008721,True,0.3457264957264957,0.2448717948717949
pneumonia,scratch,0,speckle_noise,3,0.808974358974359,0.8324786324786325,0.16752136752136748,0.5203955500618047,-0.04537521815008721,True,0.3457264957264957,0.2448717948717949
pneumonia,scratch,0,speckle_noise,4,0.808974358974359,0.8277777777777777,0.17222222222222228,0.5203955500618047,-0.04537521815008721,True,0.3457264957264957,0.2448717948717949
pneumonia,scratch,0,speckle_noise,5,0.808974358974359,0.7987179487179488,0.20128205128205123,0.5203955500618047,-0.04537521815008721,True,0.3457264957264957,0.2448717948717949
pneumonia,scratch,1,speckle_noise,1,0.8247863247863247,0.8162393162393162,0.18376068376068377,0.6956736711990111,0.2666666666666664,True,0.3457264957264957,0.2448717948717949
pneumonia,scratch,1,speckle_noise,2,0.8247863247863247,0.8076923076923077,0.1923076923076923,0.6956736711990111,0.2666666666666664,True,0.3457264957264957,0.2448717948717949
pneumonia,scratch,1,speckle_noise,3,0.8247863247863247,0.782051282051282,0.21794871794871795,0.6956736711990111,0.2666666666666664,True,0.3457264957264957,0.2448717948717949
pneumonia,scratch,1,speckle_noise,4,0.8247863247863247,0.7307692307692308,0.26923076923076916,0.6956736711990111,0.2666666666666664,True,0.3457264957264957,0.2448717948717949
pneumonia,scratch,1,speckle_noise,5,0.8247863247863247,0.6606837606837607,0.33931623931623933,0.6956736711990111,0.2666666666666664,True,0.3457264957264957,0.2448717948717949
pneumonia,scratch,2,speckle_noise,1,0.7790598290598291,0.7940170940170941,0.20598290598290592,0.6474660074165636,0.011867364746945766,True,0.3457264957264957,0.2448717948717949
pneumonia,scratch,2,speckle_noise,2,0.7790598290598291,0.8021367521367522,0.19786324786324783,0.6474660074165636,0.011867364746945766,True,0.3457264957264957,0.2448717948717949
pneumonia,scratch,2,speckle_noise,3,0.7790598290598291,0.7948717948717949,0.20512820512820507,0.6474660074165636,0.011867364746945766,True,0.3457264957264957,0.2448717948717949
pneumonia,scratch,2,speckle_noise,4,0.7790598290598291,0.7764957264957265,0.2235042735042735,0.6474660074165636,0.011867364746945766,True,0.3457264957264957,0.2448717948717949
pneumonia,scratch,2,speckle_noise,5,0.7790598290598291,0.7132478632478633,0.28675213675213673,0.6474660074165636,0.011867364746945766,True,0.3457264957264957,0.2448717948717949
pneumonia,scratch,3,speckle_noise,1,0.8196581196581196,0.8282051282051281,0.17179487179487185,0.5223733003708283,0.001047120418848209,True,0.3457264957264957,0.2448717948717949
pneumonia,scratch,3,speckle_noise,2,0.8196581196581196,0.8444444444444444,0.15555555555555556,0.5223733003708283,0.001047120418848209,True,0.3457264957264957,0.2448717948717949
pneumonia,scratch,3,speckle_noise,3,0.8196581196581196,0.8431623931623932,0.15683760683760684,0.5223733003708283,0.001047120418848209,True,0.3457264957264957,0.2448717948717949
pneumonia,scratch,3,speckle_noise,4,0.8196581196581196,0.8252136752136752,0.17478632478632483,0.5223733003708283,0.001047120418848209,True,0.3457264957264957,0.2448717948717949
pneumonia,scratch,3,speckle_noise,5,0.8196581196581196,0.755982905982906,0.24401709401709404,0.5223733003708283,0.001047120418848209,True,0.3457264957264957,0.2448717948717949
pneumonia,scratch,4,speckle_noise,1,0.8111111111111111,0.826068376068376,0.17393162393162398,0.49913473423980226,-0.06666666666666662,True,0.3457264957264957,0.2448717948717949
pneumonia,scratch,4,speckle_noise,2,0.8111111111111111,0.8324786324786325,0.16752136752136748,0.49913473423980226,-0.06666666666666662,True,0.3457264957264957,0.2448717948717949
pneumonia,scratch,4,speckle_noise,3,0.8111111111111111,0.8346153846153846,0.16538461538461535,0.49913473423980226,-0.06666666666666662,True,0.3457264957264957,0.2448717948717949
pneumonia,scratch,4,speckle_noise,4,0.8111111111111111,0.8307692307692307,0.1692307692307693,0.49913473423980226,-0.06666666666666662,True,0.3457264957264957,0.2448717948717949
pneumonia,scratch,4,speckle_noise,5,0.8111111111111111,0.8132478632478632,0.18675213675213675,0.49913473423980226,-0.06666666666666662,True,0.3457264957264957,0.2448717948717949
pneumonia,pretrained,0,impulse_noise,1,0.9098290598290598,0.5,0.5,1.0914179104477613,1.1471291866028708,True,0.4581196581196581,0.3572649572649573
pneumonia,pretrained,0,impulse_noise,2,0.9098290598290598,0.5,0.5,1.0914179104477613,1.1471291866028708,True,0.4581196581196581,0.3572649572649573
pneumonia,pretrained,0,impulse_noise,3,0.9098290598290598,0.5,0.5,1.0914179104477613,1.1471291866028708,True,0.4581196581196581,0.3572649572649573
pneumonia,pretrained,0,impulse_noise,4,0.9098290598290598,0.5,0.5,1.0914179104477613,1.1471291866028708,True,0.4581196581196581,0.3572649572649573
pneumonia,pretrained,0,impulse_noise,5,0.9098290598290598,0.5,0.5,1.0914179104477613,1.1471291866028708,True,0.4581196581196581,0.3572649572649573
pneumonia,pretrained,1,impulse_noise,1,0.8713675213675214,0.5,0.5,1.0914179104477613,1.0394736842105263,True,0.4581196581196581,0.3572649572649573
pneumonia,pretrained,1,impulse_noise,2,0.8713675213675214,0.5,0.5,1.0914179104477613,1.0394736842105263,True,0.4581196581196581,0.3572649572649573
pneumonia,pretrained,1,impulse_noise,3,0.8713675213675214,0.5,0.5,1.0914179104477613,1.0394736842105263,True,0.4581196581196581,0.3572649572649573
pneumonia,pretrained,1,impulse_noise,4,0.8713675213675214,0.5,0.5,1.0914179104477613,1.0394736842105263,True,0.4581196581196581,0.3572649572649573
pneumonia,pretrained,1,impulse_noise,5,0.8713675213675214,0.5,0.5,1.0914179104477613,1.0394736842105263,True,0.4581196581196581,0.3572649572649573
pneumonia,pretrained,2,impulse_noise,1,0.8833333333333333,0.5,0.5,1.0914179104477613,1.0729665071770333,True,0.4581196581196581,0.3572649572649573
pneumonia,pretrained,2,impulse_noise,2,0.8833333333333333,0.5,0.5,1.0914179104477613,1.0729665071770333,True,0.4581196581196581,0.3572649572649573
pneumonia,pretrained,2,impulse_noise,3,0.8833333333333333,0.5,0.5,1.0914179104477613,1.0729665071770333,True,0.4581196581196581,0.3572649572649573
pneumonia,pretrained,2,impulse_noise,4,0.8833333333333333,0.5,0.5,1.0914179104477613,1.0729665071770333,True,0.4581196581196581,0.3572649572649573
pneumonia,pretrained,2,impulse_noise,5,0.8833333333333333,0.5,0.5,1.0914179104477613,1.0729665071770333,True,0.4581196581196581,0.3572649572649573
pneumonia,pretrained,3,impulse_noise,1,0.9055555555555556,0.5149572649572649,0.4850427350427351,1.0830223880597016,1.124401913875598,True,0.4581196581196581,0.3572649572649573
pneumonia,pretrained,3,impulse_noise,2,0.9055555555555556,0.5021367521367521,0.49786324786324787,1.0830223880597016,1.124401913875598,True,0.4581196581196581,0.3572649572649573
pneumonia,pretrained,3,impulse_noise,3,0.9055555555555556,0.5021367521367521,0.49786324786324787,1.0830223880597016,1.124401913875598,True,0.4581196581196581,0.3572649572649573
pneumonia,pretrained,3,impulse_noise,4,0.9055555555555556,0.5,0.5,1.0830223880597016,1.124401913875598,True,0.4581196581196581,0.3572649572649573
pneumonia,pretrained,3,impulse_noise,5,0.9055555555555556,0.5,0.5,1.0830223880597016,1.124401913875598,True,0.4581196581196581,0.3572649572649573
pneumonia,pretrained,4,impulse_noise,1,0.8747863247863248,0.5,0.5,1.0914179104477613,1.049043062200957,True,0.4581196581196581,0.3572649572649573
pneumonia,pretrained,4,impulse_noise,2,0.8747863247863248,0.5,0.5,1.0914179104477613,1.049043062200957,True,0.4581196581196581,0.3572649572649573
pneumonia,pretrained,4,impulse_noise,3,0.8747863247863248,0.5,0.5,1.0914179104477613,1.049043062200957,True,0.4581196581196581,0.3572649572649573
pneumonia,pretrained,4,impulse_noise,4,0.8747863247863248,0.5,0.5,1.0914179104477613,1.049043062200957,True,0.4581196581196581,0.3572649572649573
pneumonia,pretrained,4,impulse_noise,5,0.8747863247863248,0.5,0.5,1.0914179104477613,1.049043062200957,True,0.4581196581196581,0.3572649572649573
pneumonia,scratch,0,impulse_noise,1,0.808974358974359,0.8132478632478632,0.18675213675213675,0.4199626865671641,0.0038277511961722194,True,0.4581196581196581,0.3572649572649573
pneumonia,scratch,0,impulse_noise,2,0.808974358974359,0.805982905982906,0.194017094017094,0.4199626865671641,0.0038277511961722194,True,0.4581196581196581,0.3572649572649573
pneumonia,scratch,0,impulse_noise,3,0.808974358974359,0.811965811965812,0.18803418803418803,0.4199626865671641,0.0038277511961722194,True,0.4581196581196581,0.3572649572649573
pneumonia,scratch,0,impulse_noise,4,0.808974358974359,0.802991452991453,0.19700854700854697,0.4199626865671641,0.0038277511961722194,True,0.4581196581196581,0.3572649572649573
pneumonia,scratch,0,impulse_noise,5,0.808974358974359,0.8038461538461539,0.19615384615384612,0.4199626865671641,0.0038277511961722194,True,0.4581196581196581,0.3572649572649573
pneumonia,scratch,1,impulse_noise,1,0.8247863247863247,0.7876068376068377,0.2123931623931623,0.5686567164179104,0.2387559808612438,True,0.4581196581196581,0.3572649572649573
pneumonia,scratch,1,impulse_noise,2,0.8247863247863247,0.7666666666666666,0.2333333333333334,0.5686567164179104,0.2387559808612438,True,0.4581196581196581,0.3572649572649573
pneumonia,scratch,1,impulse_noise,3,0.8247863247863247,0.7367521367521368,0.2632478632478632,0.5686567164179104,0.2387559808612438,True,0.4581196581196581,0.3572649572649573
pneumonia,scratch,1,impulse_noise,4,0.8247863247863247,0.7123931623931624,0.2876068376068376,0.5686567164179104,0.2387559808612438,True,0.4581196581196581,0.3572649572649573
pneumonia,scratch,1,impulse_noise,5,0.8247863247863247,0.694017094017094,0.305982905982906,0.5686567164179104,0.2387559808612438,True,0.4581196581196581,0.3572649572649573
pneumonia,scratch,2,impulse_noise,1,0.7790598290598291,0.7833333333333333,0.21666666666666667,0.49011194029850746,0.010047846889952163,True,0.4581196581196581,0.3572649572649573
pneumonia,scratch,2,impulse_noise,2,0.7790598290598291,0.7863247863247864,0.21367521367521358,0.49011194029850746,0.010047846889952163,True,0.4581196581196581,0.3572649572649573
pneumonia,scratch,2,impulse_noise,3,0.7790598290598291,0.7636752136752136,0.23632478632478637,0.49011194029850746,0.010047846889952163,True,0.4581196581196581,0.3572649572649573
pneumonia,scratch,2,impulse_noise,4,0.7790598290598291,0.7735042735042735,0.22649572649572647,0.49011194029850746,0.010047846889952163,True,0.4581196581196581,0.3572649572649573
pneumonia,scratch,2,impulse_noise,5,0.7790598290598291,0.7705128205128206,0.22948717948717945,0.49011194029850746,0.010047846889952163,True,0.4581196581196581,0.3572649572649573
pneumonia,scratch,3,impulse_noise,1,0.8196581196581196,0.8303418803418803,0.16965811965811972,0.3994402985074627,0.00741626794258369,True,0.4581196581196581,0.3572649572649573
pneumonia,scratch,3,impulse_noise,2,0.8196581196581196,0.823076923076923,0.17692307692307696,0.3994402985074627,0.00741626794258369,True,0.4581196581196581,0.3572649572649573
pneumonia,scratch,3,impulse_noise,3,0.8196581196581196,0.8166666666666667,0.18333333333333335,0.3994402985074627,0.00741626794258369,True,0.4581196581196581,0.3572649572649573
pneumonia,scratch,3,impulse_noise,4,0.8196581196581196,0.8132478632478632,0.18675213675213675,0.3994402985074627,0.00741626794258369,True,0.4581196581196581,0.3572649572649573
pneumonia,scratch,3,impulse_noise,5,0.8196581196581196,0.8017094017094017,0.19829059829059825,0.3994402985074627,0.00741626794258369,True,0.4581196581196581,0.3572649572649573
pneumonia,scratch,4,impulse_noise,1,0.8111111111111111,0.8153846153846154,0.18461538461538463,0.4283582089552238,0.02057416267942575,True,0.4581196581196581,0.3572649572649573
pneumonia,scratch,4,impulse_noise,2,0.8111111111111111,0.8017094017094017,0.19829059829059825,0.4283582089552238,0.02057416267942575,True,0.4581196581196581,0.3572649572649573
pneumonia,scratch,4,impulse_noise,3,0.8111111111111111,0.8115384615384615,0.18846153846153846,0.4283582089552238,0.02057416267942575,True,0.4581196581196581,0.3572649572649573
pneumonia,scratch,4,impulse_noise,4,0.8111111111111111,0.7991452991452992,0.2008547008547008,0.4283582089552238,0.02057416267942575,True,0.4581196581196581,0.3572649572649573
pneumonia,scratch,4,impulse_noise,5,0.8111111111111111,0.7910256410256411,0.2089743589743589,0.4283582089552238,0.02057416267942575,True,0.4581196581196581,0.3572649572649573
pneumonia,pretrained,0,shot_noise,1,0.9098290598290598,0.8012820512820513,0.19871794871794868,0.869927159209157,0.862068965517241,True,0.4106837606837607,0.3098290598290599
pneumonia,pretrained,0,shot_noise,2,0.9098290598290598,0.7115384615384616,0.28846153846153844,0.869927159209157,0.862068965517241,True,0.4106837606837607,0.3098290598290599
pneumonia,pretrained,0,shot_noise,3,0.9098290598290598,0.6303418803418803,0.3696581196581197,0.869927159209157,0.862068965517241,True,0.4106837606837607,0.3098290598290599
pneumonia,pretrained,0,shot_noise,4,0.9098290598290598,0.5427350427350427,0.4572649572649573,0.869927159209157,0.862068965517241,True,0.4106837606837607,0.3098290598290599
pneumonia,pretrained,0,shot_noise,5,0.9098290598290598,0.5277777777777778,0.4722222222222222,0.869927159209157,0.862068965517241,True,0.4106837606837607,0.3098290598290599
pneumonia,pretrained,1,shot_noise,1,0.8713675213675214,0.5961538461538461,0.40384615384615385,1.1227887617065555,1.073103448275862,True,0.4106837606837607,0.3098290598290599
pneumonia,pretrained,1,shot_noise,2,0.8713675213675214,0.5662393162393162,0.4337606837606838,1.1227887617065555,1.073103448275862,True,0.4106837606837607,0.3098290598290599
pneumonia,pretrained,1,shot_noise,3,0.8713675213675214,0.5299145299145299,0.4700854700854701,1.1227887617065555,1.073103448275862,True,0.4106837606837607,0.3098290598290599
pneumonia,pretrained,1,shot_noise,4,0.8713675213675214,0.5021367521367521,0.49786324786324787,1.1227887617065555,1.073103448275862,True,0.4106837606837607,0.3098290598290599
pneumonia,pretrained,1,shot_noise,5,0.8713675213675214,0.5,0.5,1.1227887617065555,1.073103448275862,True,0.4106837606837607,0.3098290598290599
pneumonia,pretrained,2,shot_noise,1,0.8833333333333333,0.6324786324786325,0.36752136752136755,1.0801248699271593,1.0551724137931033,True,0.4106837606837607,0.3098290598290599
pneumonia,pretrained,2,shot_noise,2,0.8833333333333333,0.5726495726495726,0.4273504273504274,1.0801248699271593,1.0551724137931033,True,0.4106837606837607,0.3098290598290599
pneumonia,pretrained,2,shot_noise,3,0.8833333333333333,0.5534188034188035,0.44658119658119655,1.0801248699271593,1.0551724137931033,True,0.4106837606837607,0.3098290598290599
pneumonia,pretrained,2,shot_noise,4,0.8833333333333333,0.5192307692307693,0.4807692307692307,1.0801248699271593,1.0551724137931033,True,0.4106837606837607,0.3098290598290599
pneumonia,pretrained,2,shot_noise,5,0.8833333333333333,0.5042735042735043,0.49572649572649574,1.0801248699271593,1.0551724137931033,True,0.4106837606837607,0.3098290598290599
pneumonia,pretrained,3,shot_noise,1,0.9055555555555556,0.8269230769230769,0.17307692307692313,0.7075962539021852,0.6331034482758621,True,0.4106837606837607,0.3098290598290599
pneumonia,pretrained,3,shot_noise,2,0.9055555555555556,0.7606837606837606,0.23931623931623935,0.7075962539021852,0.6331034482758621,True,0.4106837606837607,0.3098290598290599
pneumonia,pretrained,3,shot_noise,3,0.9055555555555556,0.7200854700854701,0.2799145299145299,0.7075962539021852,0.6331034482758621,True,0.4106837606837607,0.3098290598290599
pneumonia,pretrained,3,shot_noise,4,0.9055555555555556,0.6388888888888888,0.36111111111111116,0.7075962539021852,0.6331034482758621,True,0.4106837606837607,0.3098290598290599
pneumonia,pretrained,3,shot_noise,5,0.9055555555555556,0.6004273504273504,0.3995726495726496,0.7075962539021852,0.6331034482758621,True,0.4106837606837607,0.3098290598290599
pneumonia,pretrained,4,shot_noise,1,0.8747863247863248,0.6452991452991453,0.35470085470085466,1.0884495317377731,1.0386206896551722,True,0.4106837606837607,0.3098290598290599
pneumonia,pretrained,4,shot_noise,2,0.8747863247863248,0.5854700854700855,0.4145299145299145,1.0884495317377731,1.0386206896551722,True,0.4106837606837607,0.3098290598290599
pneumonia,pretrained,4,shot_noise,3,0.8747863247863248,0.532051282051282,0.46794871794871795,1.0884495317377731,1.0386206896551722,True,0.4106837606837607,0.3098290598290599
pneumonia,pretrained,4,shot_noise,4,0.8747863247863248,0.5021367521367521,0.49786324786324787,1.0884495317377731,1.0386206896551722,True,0.4106837606837607,0.3098290598290599
pneumonia,pretrained,4,shot_noise,5,0.8747863247863248,0.5,0.5,1.0884495317377731,1.0386206896551722,True,0.4106837606837607,0.3098290598290599
pneumonia,scratch,0,shot_noise,1,0.808974358974359,0.826068376068376,0.17393162393162398,0.4289281997918835,-0.047999999999999834,True,0.4106837606837607,0.3098290598290599
pneumonia,scratch,0,shot_noise,2,0.808974358974359,0.826068376068376,0.17393162393162398,0.4289281997918835,-0.047999999999999834,True,0.4106837606837607,0.3098290598290599
pneumonia,scratch,0,shot_noise,3,0.808974358974359,0.8294871794871794,0.17051282051282057,0.4289281997918835,-0.047999999999999834,True,0.4106837606837607,0.3098290598290599
pneumonia,scratch,0,shot_noise,4,0.808974358974359,0.8273504273504273,0.1726495726495727,0.4289281997918835,-0.047999999999999834,True,0.4106837606837607,0.3098290598290599
pneumonia,scratch,0,shot_noise,5,0.808974358974359,0.8102564102564103,0.18974358974358974,0.4289281997918835,-0.047999999999999834,True,0.4106837606837607,0.3098290598290599
pneumonia,scratch,1,shot_noise,1,0.8247863247863247,0.7970085470085471,0.20299145299145294,0.6058272632674297,0.23751724137931016,True,0.4106837606837607,0.3098290598290599
pneumonia,scratch,1,shot_noise,2,0.8247863247863247,0.7876068376068377,0.2123931623931623,0.6058272632674297,0.23751724137931016,True,0.4106837606837607,0.3098290598290599
pneumonia,scratch,1,shot_noise,3,0.8247863247863247,0.7534188034188034,0.2465811965811966,0.6058272632674297,0.23751724137931016,True,0.4106837606837607,0.3098290598290599
pneumonia,scratch,1,shot_noise,4,0.8247863247863247,0.7217948717948718,0.2782051282051282,0.6058272632674297,0.23751724137931016,True,0.4106837606837607,0.3098290598290599
pneumonia,scratch,1,shot_noise,5,0.8247863247863247,0.6961538461538461,0.3038461538461539,0.6058272632674297,0.23751724137931016,True,0.4106837606837607,0.3098290598290599
pneumonia,scratch,2,shot_noise,1,0.7790598290598291,0.791880341880342,0.20811965811965805,0.5402705515088448,0.0030344827586205707,True,0.4106837606837607,0.3098290598290599
pneumonia,scratch,2,shot_noise,2,0.7790598290598291,0.7905982905982907,0.20940170940170932,0.5402705515088448,0.0030344827586205707,True,0.4106837606837607,0.3098290598290599
pneumonia,scratch,2,shot_noise,3,0.7790598290598291,0.7876068376068377,0.2123931623931623,0.5402705515088448,0.0030344827586205707,True,0.4106837606837607,0.3098290598290599
pneumonia,scratch,2,shot_noise,4,0.7790598290598291,0.7628205128205128,0.23717948717948723,0.5402705515088448,0.0030344827586205707,True,0.4106837606837607,0.3098290598290599
pneumonia,scratch,2,shot_noise,5,0.7790598290598291,0.7576923076923077,0.24230769230769234,0.5402705515088448,0.0030344827586205707,True,0.4106837606837607,0.3098290598290599
pneumonia,scratch,3,shot_noise,1,0.8196581196581196,0.8444444444444444,0.15555555555555556,0.4318418314255983,-0.009655172413793156,True,0.4106837606837607,0.3098290598290599
pneumonia,scratch,3,shot_noise,2,0.8196581196581196,0.8294871794871794,0.17051282051282057,0.4318418314255983,-0.009655172413793156,True,0.4106837606837607,0.3098290598290599
pneumonia,scratch,3,shot_noise,3,0.8196581196581196,0.8273504273504273,0.1726495726495727,0.4318418314255983,-0.009655172413793156,True,0.4106837606837607,0.3098290598290599
pneumonia,scratch,3,shot_noise,4,0.8196581196581196,0.8123931623931624,0.1876068376068376,0.4318418314255983,-0.009655172413793156,True,0.4106837606837607,0.3098290598290599
pneumonia,scratch,3,shot_noise,5,0.8196581196581196,0.7995726495726496,0.20042735042735038,0.4318418314255983,-0.009655172413793156,True,0.4106837606837607,0.3098290598290599
pneumonia,scratch,4,shot_noise,1,0.8111111111111111,0.8226495726495726,0.1773504273504274,0.4380853277835588,-0.0289655172413792,True,0.4106837606837607,0.3098290598290599
pneumonia,scratch,4,shot_noise,2,0.8111111111111111,0.8183760683760684,0.18162393162393164,0.4380853277835588,-0.0289655172413792,True,0.4106837606837607,0.3098290598290599
pneumonia,scratch,4,shot_noise,3,0.8111111111111111,0.8226495726495726,0.1773504273504274,0.4380853277835588,-0.0289655172413792,True,0.4106837606837607,0.3098290598290599
pneumonia,scratch,4,shot_noise,4,0.8111111111111111,0.8192307692307692,0.1807692307692308,0.4380853277835588,-0.0289655172413792,True,0.4106837606837607,0.3098290598290599
pneumonia,scratch,4,shot_noise,5,0.8111111111111111,0.8175213675213675,0.1824786324786325,0.4380853277835588,-0.0289655172413792,True,0.4106837606837607,0.3098290598290599
pneumonia,pretrained,0,gaussian_blur,1,0.9098290598290598,0.8055555555555556,0.19444444444444442,1.2832550860719873,1.5111662531017362,True,0.2730769230769231,0.17222222222222228
pneumonia,pretrained,0,gaussian_blur,2,0.9098290598290598,0.7136752136752137,0.2863247863247863,1.2832550860719873,1.5111662531017362,True,0.2730769230769231,0.17222222222222228
pneumonia,pretrained,0,gaussian_blur,3,0.9098290598290598,0.6324786324786325,0.36752136752136755,1.2832550860719873,1.5111662531017362,True,0.2730769230769231,0.17222222222222228
pneumonia,pretrained,0,gaussian_blur,4,0.9098290598290598,0.561965811965812,0.43803418803418803,1.2832550860719873,1.5111662531017362,True,0.2730769230769231,0.17222222222222228
pneumonia,pretrained,0,gaussian_blur,5,0.9098290598290598,0.5341880341880342,0.4658119658119658,1.2832550860719873,1.5111662531017362,True,0.2730769230769231,0.17222222222222228
pneumonia,pretrained,1,gaussian_blur,1,0.8713675213675214,0.6987179487179487,0.3012820512820513,1.591549295774648,1.7766749379652604,True,0.2730769230769231,0.17222222222222228
pneumonia,pretrained,1,gaussian_blur,2,0.8713675213675214,0.5876068376068376,0.41239316239316237,1.591549295774648,1.7766749379652604,True,0.2730769230769231,0.17222222222222228
pneumonia,pretrained,1,gaussian_blur,3,0.8713675213675214,0.5277777777777778,0.4722222222222222,1.591549295774648,1.7766749379652604,True,0.2730769230769231,0.17222222222222228
pneumonia,pretrained,1,gaussian_blur,4,0.8713675213675214,0.5106837606837606,0.48931623931623935,1.591549295774648,1.7766749379652604,True,0.2730769230769231,0.17222222222222228
pneumonia,pretrained,1,gaussian_blur,5,0.8713675213675214,0.5021367521367521,0.49786324786324787,1.591549295774648,1.7766749379652604,True,0.2730769230769231,0.17222222222222228
pneumonia,pretrained,2,gaussian_blur,1,0.8833333333333333,0.8192307692307692,0.1807692307692308,1.2951486697965569,1.376178660049627,True,0.2730769230769231,0.17222222222222228
pneumonia,pretrained,2,gaussian_blur,2,0.8833333333333333,0.717948717948718,0.28205128205128205,1.2951486697965569,1.376178660049627,True,0.2730769230769231,0.17222222222222228
pneumonia,pretrained,2,gaussian_blur,3,0.8833333333333333,0.608974358974359,0.39102564102564097,1.2951486697965569,1.376178660049627,True,0.2730769230769231,0.17222222222222228
pneumonia,pretrained,2,gaussian_blur,4,0.8833333333333333,0.5555555555555556,0.4444444444444444,1.2951486697965569,1.376178660049627,True,0.2730769230769231,0.17222222222222228
pneumonia,pretrained,2,gaussian_blur,5,0.8833333333333333,0.5299145299145299,0.4700854700854701,1.2951486697965569,1.376178660049627,True,0.2730769230769231,0.17222222222222228
pneumonia,pretrained,3,gaussian_blur,1,0.9055555555555556,0.8311965811965811,0.16880341880341887,0.9499217527386541,0.9578163771712157,True,0.2730769230769231,0.17222222222222228
pneumonia,pretrained,3,gaussian_blur,2,0.9055555555555556,0.7777777777777778,0.2222222222222222,0.9499217527386541,0.9578163771712157,True,0.2730769230769231,0.17222222222222228
pneumonia,pretrained,3,gaussian_blur,3,0.9055555555555556,0.7393162393162394,0.26068376068376065,0.9499217527386541,0.9578163771712157,True,0.2730769230769231,0.17222222222222228
pneumonia,pretrained,3,gaussian_blur,4,0.9055555555555556,0.6965811965811965,0.30341880341880345,0.9499217527386541,0.9578163771712157,True,0.2730769230769231,0.17222222222222228
pneumonia,pretrained,3,gaussian_blur,5,0.9055555555555556,0.6581196581196581,0.3418803418803419,0.9499217527386541,0.9578163771712157,True,0.2730769230769231,0.17222222222222228
pneumonia,pretrained,4,gaussian_blur,1,0.8747863247863248,0.7649572649572649,0.2350427350427351,1.3004694835680752,1.3349875930521091,True,0.2730769230769231,0.17222222222222228
pneumonia,pretrained,4,gaussian_blur,2,0.8747863247863248,0.6965811965811965,0.30341880341880345,1.3004694835680752,1.3349875930521091,True,0.2730769230769231,0.17222222222222228
pneumonia,pretrained,4,gaussian_blur,3,0.8747863247863248,0.6367521367521367,0.3632478632478633,1.3004694835680752,1.3349875930521091,True,0.2730769230769231,0.17222222222222228
pneumonia,pretrained,4,gaussian_blur,4,0.8747863247863248,0.5854700854700855,0.4145299145299145,1.3004694835680752,1.3349875930521091,True,0.2730769230769231,0.17222222222222228
pneumonia,pretrained,4,gaussian_blur,5,0.8747863247863248,0.5405982905982906,0.45940170940170943,1.3004694835680752,1.3349875930521091,True,0.2730769230769231,0.17222222222222228
pneumonia,scratch,0,gaussian_blur,1,0.808974358974359,0.7743589743589744,0.22564102564102562,1.0150234741784034,0.5002481389578162,True,0.2730769230769231,0.17222222222222228
pneumonia,scratch,0,gaussian_blur,2,0.808974358974359,0.7542735042735043,0.24572649572649574,1.0150234741784034,0.5002481389578162,True,0.2730769230769231,0.17222222222222228
pneumonia,scratch,0,gaussian_blur,3,0.808974358974359,0.7264957264957265,0.27350427350427353,1.0150234741784034,0.5002481389578162,True,0.2730769230769231,0.17222222222222228
pneumonia,scratch,0,gaussian_blur,4,0.808974358974359,0.7008547008547008,0.2991452991452992,1.0150234741784034,0.5002481389578162,True,0.2730769230769231,0.17222222222222228
pneumonia,scratch,0,gaussian_blur,5,0.808974358974359,0.6581196581196581,0.3418803418803419,1.0150234741784034,0.5002481389578162,True,0.2730769230769231,0.17222222222222228
pneumonia,scratch,1,gaussian_blur,1,0.8247863247863247,0.7970085470085471,0.20299145299145294,0.9242566510172143,0.4481389578163768,True,0.2730769230769231,0.17222222222222228
pneumonia,scratch,1,gaussian_blur,2,0.8247863247863247,0.7653846153846153,0.23461538461538467,0.9242566510172143,0.4481389578163768,True,0.2730769230769231,0.17222222222222228
pneumonia,scratch,1,gaussian_blur,3,0.8247863247863247,0.7423076923076923,0.25769230769230766,0.9242566510172143,0.4481389578163768,True,0.2730769230769231,0.17222222222222228
pneumonia,scratch,1,gaussian_blur,4,0.8247863247863247,0.7316239316239317,0.2683760683760683,0.9242566510172143,0.4481389578163768,True,0.2730769230769231,0.17222222222222228
pneumonia,scratch,1,gaussian_blur,5,0.8247863247863247,0.7017094017094017,0.29829059829059834,0.9242566510172143,0.4481389578163768,True,0.2730769230769231,0.17222222222222228
pneumonia,scratch,2,gaussian_blur,1,0.7790598290598291,0.7525641025641026,0.24743589743589745,1.0948356807511737,0.4531017369727046,True,0.2730769230769231,0.17222222222222228
pneumonia,scratch,2,gaussian_blur,2,0.7790598290598291,0.7303418803418804,0.2696581196581196,1.0948356807511737,0.4531017369727046,True,0.2730769230769231,0.17222222222222228
pneumonia,scratch,2,gaussian_blur,3,0.7790598290598291,0.6931623931623931,0.30683760683760686,1.0948356807511737,0.4531017369727046,True,0.2730769230769231,0.17222222222222228
pneumonia,scratch,2,gaussian_blur,4,0.7790598290598291,0.6730769230769231,0.32692307692307687,1.0948356807511737,0.4531017369727046,True,0.2730769230769231,0.17222222222222228
pneumonia,scratch,2,gaussian_blur,5,0.7790598290598291,0.655982905982906,0.344017094017094,1.0948356807511737,0.4531017369727046,True,0.2730769230769231,0.17222222222222228
pneumonia,scratch,3,gaussian_blur,1,0.8196581196581196,0.802991452991453,0.19700854700854697,0.921752738654147,0.41439205955334957,True,0.2730769230769231,0.17222222222222228
pneumonia,scratch,3,gaussian_blur,2,0.8196581196581196,0.7807692307692308,0.21923076923076923,0.921752738654147,0.41439205955334957,True,0.2730769230769231,0.17222222222222228
pneumonia,scratch,3,gaussian_blur,3,0.8196581196581196,0.7487179487179487,0.2512820512820513,0.921752738654147,0.41439205955334957,True,0.2730769230769231,0.17222222222222228
pneumonia,scratch,3,gaussian_blur,4,0.8196581196581196,0.7166666666666667,0.2833333333333333,0.921752738654147,0.41439205955334957,True,0.2730769230769231,0.17222222222222228
pneumonia,scratch,3,gaussian_blur,5,0.8196581196581196,0.6923076923076923,0.3076923076923077,0.921752738654147,0.41439205955334957,True,0.2730769230769231,0.17222222222222228
pneumonia,scratch,4,gaussian_blur,1,0.8111111111111111,0.7935897435897437,0.20641025641025634,0.8954616588419405,0.3230769230769231,True,0.2730769230769231,0.17222222222222228
pneumonia,scratch,4,gaussian_blur,2,0.8111111111111111,0.7764957264957265,0.2235042735042735,0.8954616588419405,0.3230769230769231,True,0.2730769230769231,0.17222222222222228
pneumonia,scratch,4,gaussian_blur,3,0.8111111111111111,0.7628205128205128,0.23717948717948723,0.8954616588419405,0.3230769230769231,True,0.2730769230769231,0.17222222222222228
pneumonia,scratch,4,gaussian_blur,4,0.8111111111111111,0.7393162393162394,0.26068376068376065,0.8954616588419405,0.3230769230769231,True,0.2730769230769231,0.17222222222222228
pneumonia,scratch,4,gaussian_blur,5,0.8111111111111111,0.7051282051282051,0.29487179487179493,0.8954616588419405,0.3230769230769231,True,0.2730769230769231,0.17222222222222228
pneumonia,pretrained,0,brightness_up,1,0.9098290598290598,0.9162393162393163,0.08376068376068369,0.5425904317386231,-0.2340823970037464,True,0.14649572649572645,0.04564102564102562
pneumonia,pretrained,0,brightness_up,2,0.9098290598290598,0.9354700854700855,0.06452991452991452,0.5425904317386231,-0.2340823970037464,True,0.14649572649572645,0.04564102564102562
pneumonia,pretrained,0,brightness_up,3,0.9098290598290598,0.9307692307692308,0.0692307692307692,0.5425904317386231,-0.2340823970037464,True,0.14649572649572645,0.04564102564102562
pneumonia,pretrained,0,brightness_up,4,0.9098290598290598,0.9260683760683761,0.07393162393162389,0.5425904317386231,-0.2340823970037464,True,0.14649572649572645,0.04564102564102562
pneumonia,pretrained,0,brightness_up,5,0.9098290598290598,0.8940170940170941,0.10598290598290594,0.5425904317386231,-0.2340823970037464,True,0.14649572649572645,0.04564102564102562
pneumonia,pretrained,1,brightness_up,1,0.8713675213675214,0.8777777777777778,0.12222222222222223,0.8547257876312722,-0.07490636704119827,True,0.14649572649572645,0.04564102564102562
pneumonia,pretrained,1,brightness_up,2,0.8713675213675214,0.8799145299145299,0.1200854700854701,0.8547257876312722,-0.07490636704119827,True,0.14649572649572645,0.04564102564102562
pneumonia,pretrained,1,brightness_up,3,0.8713675213675214,0.8743589743589744,0.12564102564102564,0.8547257876312722,-0.07490636704119827,True,0.14649572649572645,0.04564102564102562
pneumonia,pretrained,1,brightness_up,4,0.8713675213675214,0.8829059829059829,0.11709401709401712,0.8547257876312722,-0.07490636704119827,True,0.14649572649572645,0.04564102564102562
pneumonia,pretrained,1,brightness_up,5,0.8713675213675214,0.858974358974359,0.14102564102564097,0.8547257876312722,-0.07490636704119827,True,0.14649572649572645,0.04564102564102562
pneumonia,pretrained,2,brightness_up,1,0.8833333333333333,0.897008547008547,0.10299145299145296,0.6983663943990663,-0.3146067415730357,True,0.14649572649572645,0.04564102564102562
pneumonia,pretrained,2,brightness_up,2,0.8833333333333333,0.9106837606837608,0.08931623931623922,0.6983663943990663,-0.3146067415730357,True,0.14649572649572645,0.04564102564102562
pneumonia,pretrained,2,brightness_up,3,0.8833333333333333,0.9132478632478633,0.08675213675213667,0.6983663943990663,-0.3146067415730357,True,0.14649572649572645,0.04564102564102562
pneumonia,pretrained,2,brightness_up,4,0.8833333333333333,0.9017094017094017,0.09829059829059827,0.6983663943990663,-0.3146067415730357,True,0.14649572649572645,0.04564102564102562
pneumonia,pretrained,2,brightness_up,5,0.8833333333333333,0.8658119658119658,0.13418803418803416,0.6983663943990663,-0.3146067415730357,True,0.14649572649572645,0.04564102564102562
pneumonia,pretrained,3,brightness_up,1,0.9055555555555556,0.9192307692307693,0.0807692307692307,0.6266044340723455,-0.05805243445692914,True,0.14649572649572645,0.04564102564102562
pneumonia,pretrained,3,brightness_up,2,0.9055555555555556,0.9337606837606838,0.06623931623931623,0.6266044340723455,-0.05805243445692914,True,0.14649572649572645,0.04564102564102562
pneumonia,pretrained,3,brightness_up,3,0.9055555555555556,0.9294871794871795,0.07051282051282048,0.6266044340723455,-0.05805243445692914,True,0.14649572649572645,0.04564102564102562
pneumonia,pretrained,3,brightness_up,4,0.9055555555555556,0.8935897435897435,0.10641025641025648,0.6266044340723455,-0.05805243445692914,True,0.14649572649572645,0.04564102564102562
pneumonia,pretrained,3,brightness_up,5,0.9055555555555556,0.864957264957265,0.135042735042735,0.6266044340723455,-0.05805243445692914,True,0.14649572649572645,0.04564102564102562
pneumonia,pretrained,4,brightness_up,1,0.8747863247863248,0.8897435897435897,0.11025641025641031,0.8395565927654614,-0.048689138576778444,True,0.14649572649572645,0.04564102564102562
pneumonia,pretrained,4,brightness_up,2,0.8747863247863248,0.9068376068376068,0.09316239316239316,0.8395565927654614,-0.048689138576778444,True,0.14649572649572645,0.04564102564102562
pneumonia,pretrained,4,brightness_up,3,0.8747863247863248,0.8918803418803418,0.10811965811965818,0.8395565927654614,-0.048689138576778444,True,0.14649572649572645,0.04564102564102562
pneumonia,pretrained,4,brightness_up,4,0.8747863247863248,0.864957264957265,0.135042735042735,0.8395565927654614,-0.048689138576778444,True,0.14649572649572645,0.04564102564102562
pneumonia,pretrained,4,brightness_up,5,0.8747863247863248,0.8316239316239316,0.16837606837606844,0.8395565927654614,-0.048689138576778444,True,0.14649572649572645,0.04564102564102562
pneumonia,scratch,0,brightness_up,1,0.808974358974359,0.8367521367521368,0.16324786324786322,1.5198366394399072,0.692883895131087,True,0.14649572649572645,0.04564102564102562
pneumonia,scratch,0,brightness_up,2,0.808974358974359,0.8282051282051281,0.17179487179487185,1.5198366394399072,0.692883895131087,True,0.14649572649572645,0.04564102564102562
pneumonia,scratch,0,brightness_up,3,0.808974358974359,0.7931623931623932,0.20683760683760677,1.5198366394399072,0.692883895131087,True,0.14649572649572645,0.04564102564102562
pneumonia,scratch,0,brightness_up,4,0.808974358974359,0.7427350427350428,0.25726495726495724,1.5198366394399072,0.692883895131087,True,0.14649572649572645,0.04564102564102562
pneumonia,scratch,0,brightness_up,5,0.808974358974359,0.6858974358974359,0.3141025641025641,1.5198366394399072,0.692883895131087,True,0.14649572649572645,0.04564102564102562
pneumonia,scratch,1,brightness_up,1,0.8247863247863247,0.8512820512820514,0.14871794871794863,1.1645274212368733,-0.101123595505619,True,0.14649572649572645,0.04564102564102562
pneumonia,scratch,1,brightness_up,2,0.8247863247863247,0.8461538461538461,0.15384615384615385,1.1645274212368733,-0.101123595505619,True,0.14649572649572645,0.04564102564102562
pneumonia,scratch,1,brightness_up,3,0.8247863247863247,0.85,0.15000000000000002,1.1645274212368733,-0.101123595505619,True,0.14649572649572645,0.04564102564102562
pneumonia,scratch,1,brightness_up,4,0.8247863247863247,0.8299145299145299,0.17008547008547015,1.1645274212368733,-0.101123595505619,True,0.14649572649572645,0.04564102564102562
pneumonia,scratch,1,brightness_up,5,0.8247863247863247,0.7696581196581197,0.2303418803418803,1.1645274212368733,-0.101123595505619,True,0.14649572649572645,0.04564102564102562
pneumonia,scratch,2,brightness_up,1,0.7790598290598291,0.802991452991453,0.19700854700854697,1.6231038506417736,0.3689138576779018,True,0.14649572649572645,0.04564102564102562
pneumonia,scratch,2,brightness_up,2,0.7790598290598291,0.8,0.19999999999999996,1.6231038506417736,0.3689138576779018,True,0.14649572649572645,0.04564102564102562
pneumonia,scratch,2,brightness_up,3,0.7790598290598291,0.7897435897435898,0.21025641025641018,1.6231038506417736,0.3689138576779018,True,0.14649572649572645,0.04564102564102562
pneumonia,scratch,2,brightness_up,4,0.7790598290598291,0.7350427350427351,0.2649572649572649,1.6231038506417736,0.3689138576779018,True,0.14649572649572645,0.04564102564102562
pneumonia,scratch,2,brightness_up,5,0.7790598290598291,0.6833333333333333,0.31666666666666665,1.6231038506417736,0.3689138576779018,True,0.14649572649572645,0.04564102564102562
pneumonia,scratch,3,brightness_up,1,0.8196581196581196,0.8495726495726497,0.15042735042735034,1.4708284714119022,0.7696629213483138,True,0.14649572649572645,0.04564102564102562
pneumonia,scratch,3,brightness_up,2,0.8196581196581196,0.8247863247863247,0.17521367521367526,1.4708284714119022,0.7696629213483138,True,0.14649572649572645,0.04564102564102562
pneumonia,scratch,3,brightness_up,3,0.8196581196581196,0.802991452991453,0.19700854700854697,1.4708284714119022,0.7696629213483138,True,0.14649572649572645,0.04564102564102562
pneumonia,scratch,3,brightness_up,4,0.8196581196581196,0.75,0.25,1.4708284714119022,0.7696629213483138,True,0.14649572649572645,0.04564102564102562
pneumonia,scratch,3,brightness_up,5,0.8196581196581196,0.6952991452991453,0.30470085470085473,1.4708284714119022,0.7696629213483138,True,0.14649572649572645,0.04564102564102562
pneumonia,scratch,4,brightness_up,1,0.8111111111111111,0.8641025641025641,0.13589743589743586,1.1855309218203036,-0.33333333333333376,True,0.14649572649572645,0.04564102564102562
pneumonia,scratch,4,brightness_up,2,0.8111111111111111,0.8722222222222222,0.12777777777777777,1.1855309218203036,-0.33333333333333376,True,0.14649572649572645,0.04564102564102562
pneumonia,scratch,4,brightness_up,3,0.8111111111111111,0.8512820512820513,0.14871794871794874,1.1855309218203036,-0.33333333333333376,True,0.14649572649572645,0.04564102564102562
pneumonia,scratch,4,brightness_up,4,0.8111111111111111,0.802991452991453,0.19700854700854697,1.1855309218203036,-0.33333333333333376,True,0.14649572649572645,0.04564102564102562
pneumonia,scratch,4,brightness_up,5,0.8111111111111111,0.7410256410256411,0.25897435897435894,1.1855309218203036,-0.33333333333333376,True,0.14649572649572645,0.04564102564102562
pneumonia,pretrained,0,brightness_down,1,0.9098290598290598,0.8991452991452992,0.10085470085470083,0.8230414746543778,0.7826506024096384,True,0.2782051282051282,0.1773504273504274
pneumonia,pretrained,0,brightness_down,2,0.9098290598290598,0.8555555555555556,0.14444444444444438,0.8230414746543778,0.7826506024096384,True,0.2782051282051282,0.1773504273504274
pneumonia,pretrained,0,brightness_down,3,0.9098290598290598,0.8055555555555556,0.19444444444444442,0.8230414746543778,0.7826506024096384,True,0.2782051282051282,0.1773504273504274
pneumonia,pretrained,0,brightness_down,4,0.9098290598290598,0.6987179487179487,0.3012820512820513,0.8230414746543778,0.7826506024096384,True,0.2782051282051282,0.1773504273504274
pneumonia,pretrained,0,brightness_down,5,0.9098290598290598,0.5961538461538461,0.40384615384615385,0.8230414746543778,0.7826506024096384,True,0.2782051282051282,0.1773504273504274
pneumonia,pretrained,1,brightness_down,1,0.8713675213675214,0.8427350427350427,0.15726495726495726,1.14531490015361,1.0713253012048194,True,0.2782051282051282,0.1773504273504274
pneumonia,pretrained,1,brightness_down,2,0.8713675213675214,0.7799145299145299,0.22008547008547008,1.14531490015361,1.0713253012048194,True,0.2782051282051282,0.1773504273504274
pneumonia,pretrained,1,brightness_down,3,0.8713675213675214,0.7008547008547008,0.2991452991452992,1.14531490015361,1.0713253012048194,True,0.2782051282051282,0.1773504273504274
pneumonia,pretrained,1,brightness_down,4,0.8713675213675214,0.579059829059829,0.420940170940171,1.14531490015361,1.0713253012048194,True,0.2782051282051282,0.1773504273504274
pneumonia,pretrained,1,brightness_down,5,0.8713675213675214,0.5042735042735043,0.49572649572649574,1.14531490015361,1.0713253012048194,True,0.2782051282051282,0.1773504273504274
pneumonia,pretrained,2,brightness_down,1,0.8833333333333333,0.8632478632478633,0.1367521367521367,0.8817204301075269,0.7253012048192768,True,0.2782051282051282,0.1773504273504274
pneumonia,pretrained,2,brightness_down,2,0.8833333333333333,0.8333333333333333,0.16666666666666674,0.8817204301075269,0.7253012048192768,True,0.2782051282051282,0.1773504273504274
pneumonia,pretrained,2,brightness_down,3,0.8833333333333333,0.7841880341880342,0.21581196581196582,0.8817204301075269,0.7253012048192768,True,0.2782051282051282,0.1773504273504274
pneumonia,pretrained,2,brightness_down,4,0.8833333333333333,0.7072649572649573,0.2927350427350427,0.8817204301075269,0.7253012048192768,True,0.2782051282051282,0.1773504273504274
pneumonia,pretrained,2,brightness_down,5,0.8833333333333333,0.5854700854700855,0.4145299145299145,0.8817204301075269,0.7253012048192768,True,0.2782051282051282,0.1773504273504274
pneumonia,pretrained,3,brightness_down,1,0.9055555555555556,0.8782051282051282,0.1217948717948718,1.021505376344086,1.0698795180722889,True,0.2782051282051282,0.1773504273504274
pneumonia,pretrained,3,brightness_down,2,0.9055555555555556,0.8311965811965811,0.16880341880341887,1.021505376344086,1.0698795180722889,True,0.2782051282051282,0.1773504273504274
pneumonia,pretrained,3,brightness_down,3,0.9055555555555556,0.732905982905983,0.26709401709401703,1.021505376344086,1.0698795180722889,True,0.2782051282051282,0.1773504273504274
pneumonia,pretrained,3,brightness_down,4,0.9055555555555556,0.6196581196581197,0.3803418803418803,1.021505376344086,1.0698795180722889,True,0.2782051282051282,0.1773504273504274
pneumonia,pretrained,3,brightness_down,5,0.9055555555555556,0.5170940170940171,0.48290598290598286,1.021505376344086,1.0698795180722889,True,0.2782051282051282,0.1773504273504274
pneumonia,pretrained,4,brightness_down,1,0.8747863247863248,0.829059829059829,0.170940170940171,0.9339477726574501,0.7590361445783133,True,0.2782051282051282,0.1773504273504274
pneumonia,pretrained,4,brightness_down,2,0.8747863247863248,0.7927350427350428,0.2072649572649572,0.9339477726574501,0.7590361445783133,True,0.2782051282051282,0.1773504273504274
pneumonia,pretrained,4,brightness_down,3,0.8747863247863248,0.7521367521367521,0.24786324786324787,0.9339477726574501,0.7590361445783133,True,0.2782051282051282,0.1773504273504274
pneumonia,pretrained,4,brightness_down,4,0.8747863247863248,0.6965811965811965,0.30341880341880345,0.9339477726574501,0.7590361445783133,True,0.2782051282051282,0.1773504273504274
pneumonia,pretrained,4,brightness_down,5,0.8747863247863248,0.6303418803418803,0.3696581196581197,0.9339477726574501,0.7590361445783133,True,0.2782051282051282,0.1773504273504274
pneumonia,scratch,0,brightness_down,1,0.808974358974359,0.7444444444444445,0.25555555555555554,1.3772657450076804,1.0833734939759034,True,0.2782051282051282,0.1773504273504274
pneumonia,scratch,0,brightness_down,2,0.808974358974359,0.6901709401709402,0.30982905982905984,1.3772657450076804,1.0833734939759034,True,0.2782051282051282,0.1773504273504274
pneumonia,scratch,0,brightness_down,3,0.808974358974359,0.608974358974359,0.39102564102564097,1.3772657450076804,1.0833734939759034,True,0.2782051282051282,0.1773504273504274
pneumonia,scratch,0,brightness_down,4,0.808974358974359,0.5363247863247863,0.4636752136752137,1.3772657450076804,1.0833734939759034,True,0.2782051282051282,0.1773504273504274
pneumonia,scratch,0,brightness_down,5,0.808974358974359,0.5042735042735043,0.49572649572649574,1.3772657450076804,1.0833734939759034,True,0.2782051282051282,0.1773504273504274
pneumonia,scratch,1,brightness_down,1,0.8247863247863247,0.7517094017094017,0.2482905982905983,1.495852534562212,1.3585542168674696,True,0.2782051282051282,0.1773504273504274
pneumonia,scratch,1,brightness_down,2,0.8247863247863247,0.6397435897435897,0.3602564102564103,1.495852534562212,1.3585542168674696,True,0.2782051282051282,0.1773504273504274
pneumonia,scratch,1,brightness_down,3,0.8247863247863247,0.5277777777777778,0.4722222222222222,1.495852534562212,1.3585542168674696,True,0.2782051282051282,0.1773504273504274
pneumonia,scratch,1,brightness_down,4,0.8247863247863247,0.5,0.5,1.495852534562212,1.3585542168674696,True,0.2782051282051282,0.1773504273504274
pneumonia,scratch,1,brightness_down,5,0.8247863247863247,0.5,0.5,1.495852534562212,1.3585542168674696,True,0.2782051282051282,0.1773504273504274
pneumonia,scratch,2,brightness_down,1,0.7790598290598291,0.7388888888888889,0.26111111111111107,1.344700460829493,0.8636144578313252,True,0.2782051282051282,0.1773504273504274
pneumonia,scratch,2,brightness_down,2,0.7790598290598291,0.708974358974359,0.291025641025641,1.344700460829493,0.8636144578313252,True,0.2782051282051282,0.1773504273504274
pneumonia,scratch,2,brightness_down,3,0.7790598290598291,0.6239316239316239,0.37606837606837606,1.344700460829493,0.8636144578313252,True,0.2782051282051282,0.1773504273504274
pneumonia,scratch,2,brightness_down,4,0.7790598290598291,0.5512820512820513,0.4487179487179487,1.344700460829493,0.8636144578313252,True,0.2782051282051282,0.1773504273504274
pneumonia,scratch,2,brightness_down,5,0.7790598290598291,0.5064102564102564,0.4935897435897436,1.344700460829493,0.8636144578313252,True,0.2782051282051282,0.1773504273504274
pneumonia,scratch,3,brightness_down,1,0.8196581196581196,0.7880341880341881,0.21196581196581188,1.2875576036866359,1.0028915662650597,True,0.2782051282051282,0.1773504273504274
pneumonia,scratch,3,brightness_down,2,0.8196581196581196,0.7371794871794872,0.2628205128205128,1.2875576036866359,1.0028915662650597,True,0.2782051282051282,0.1773504273504274
pneumonia,scratch,3,brightness_down,3,0.8196581196581196,0.6303418803418803,0.3696581196581197,1.2875576036866359,1.0028915662650597,True,0.2782051282051282,0.1773504273504274
pneumonia,scratch,3,brightness_down,4,0.8196581196581196,0.5491452991452992,0.4508547008547008,1.2875576036866359,1.0028915662650597,True,0.2782051282051282,0.1773504273504274
pneumonia,scratch,3,brightness_down,5,0.8196581196581196,0.5042735042735043,0.49572649572649574,1.2875576036866359,1.0028915662650597,True,0.2782051282051282,0.1773504273504274
pneumonia,scratch,4,brightness_down,1,0.8111111111111111,0.77008547008547,0.22991452991452999,1.4402457757296465,1.1942168674698792,True,0.2782051282051282,0.1773504273504274
pneumonia,scratch,4,brightness_down,2,0.8111111111111111,0.6645299145299145,0.3354700854700855,1.4402457757296465,1.1942168674698792,True,0.2782051282051282,0.1773504273504274
pneumonia,scratch,4,brightness_down,3,0.8111111111111111,0.5555555555555556,0.4444444444444444,1.4402457757296465,1.1942168674698792,True,0.2782051282051282,0.1773504273504274
pneumonia,scratch,4,brightness_down,4,0.8111111111111111,0.5064102564102564,0.4935897435897436,1.4402457757296465,1.1942168674698792,True,0.2782051282051282,0.1773504273504274
pneumonia,scratch,4,brightness_down,5,0.8111111111111111,0.5,0.5,1.4402457757296465,1.1942168674698792,True,0.2782051282051282,0.1773504273504274
pneumonia,pretrained,0,contrast_up,1,0.9098290598290598,0.9183760683760684,0.08162393162393156,0.7219730941704036,,False,0.09529914529914527,-0.005555555555555564
pneumonia,pretrained,0,contrast_up,2,0.9098290598290598,0.9247863247863248,0.07521367521367517,0.7219730941704036,,False,0.09529914529914527,-0.005555555555555564
pneumonia,pretrained,0,contrast_up,3,0.9098290598290598,0.9354700854700855,0.06452991452991452,0.7219730941704036,,False,0.09529914529914527,-0.005555555555555564
pneumonia,pretrained,0,contrast_up,4,0.9098290598290598,0.9397435897435897,0.060256410256410264,0.7219730941704036,,False,0.09529914529914527,-0.005555555555555564
pneumonia,pretrained,0,contrast_up,5,0.9098290598290598,0.9376068376068376,0.062393162393162394,0.7219730941704036,,False,0.09529914529914527,-0.005555555555555564
pneumonia,pretrained,1,contrast_up,1,0.8713675213675214,0.882051282051282,0.11794871794871797,1.0000000000000002,,False,0.09529914529914527,-0.005555555555555564
pneumonia,pretrained,1,contrast_up,2,0.8713675213675214,0.8927350427350427,0.10726495726495733,1.0000000000000002,,False,0.09529914529914527,-0.005555555555555564
pneumonia,pretrained,1,contrast_up,3,0.8713675213675214,0.9076923076923077,0.09230769230769231,1.0000000000000002,,False,0.09529914529914527,-0.005555555555555564
pneumonia,pretrained,1,contrast_up,4,0.8713675213675214,0.9141025641025642,0.08589743589743581,1.0000000000000002,,False,0.09529914529914527,-0.005555555555555564
pneumonia,pretrained,1,contrast_up,5,0.8713675213675214,0.926923076923077,0.07307692307692304,1.0000000000000002,,False,0.09529914529914527,-0.005555555555555564
pneumonia,pretrained,2,contrast_up,1,0.8833333333333333,0.8897435897435897,0.11025641025641031,1.1300448430493282,,False,0.09529914529914527,-0.005555555555555564
pneumonia,pretrained,2,contrast_up,2,0.8833333333333333,0.8897435897435897,0.11025641025641031,1.1300448430493282,,False,0.09529914529914527,-0.005555555555555564
pneumonia,pretrained,2,contrast_up,3,0.8833333333333333,0.8905982905982905,0.10940170940170946,1.1300448430493282,,False,0.09529914529914527,-0.005555555555555564
pneumonia,pretrained,2,contrast_up,4,0.8833333333333333,0.8935897435897435,0.10641025641025648,1.1300448430493282,,False,0.09529914529914527,-0.005555555555555564
pneumonia,pretrained,2,contrast_up,5,0.8833333333333333,0.8978632478632479,0.10213675213675211,1.1300448430493282,,False,0.09529914529914527,-0.005555555555555564
pneumonia,pretrained,3,contrast_up,1,0.9055555555555556,0.9098290598290598,0.09017094017094018,0.8116591928251121,,False,0.09529914529914527,-0.005555555555555564
pneumonia,pretrained,3,contrast_up,2,0.9055555555555556,0.9162393162393163,0.08376068376068369,0.8116591928251121,,False,0.09529914529914527,-0.005555555555555564
pneumonia,pretrained,3,contrast_up,3,0.9055555555555556,0.9277777777777778,0.07222222222222219,0.8116591928251121,,False,0.09529914529914527,-0.005555555555555564
pneumonia,pretrained,3,contrast_up,4,0.9055555555555556,0.9260683760683761,0.07393162393162389,0.8116591928251121,,False,0.09529914529914527,-0.005555555555555564
pneumonia,pretrained,3,contrast_up,5,0.9055555555555556,0.9333333333333333,0.06666666666666665,0.8116591928251121,,False,0.09529914529914527,-0.005555555555555564
pneumonia,pretrained,4,contrast_up,1,0.8747863247863248,0.8854700854700854,0.11452991452991457,1.0896860986547092,,False,0.09529914529914527,-0.005555555555555564
pneumonia,pretrained,4,contrast_up,2,0.8747863247863248,0.8918803418803418,0.10811965811965818,1.0896860986547092,,False,0.09529914529914527,-0.005555555555555564
pneumonia,pretrained,4,contrast_up,3,0.8747863247863248,0.8961538461538461,0.10384615384615392,1.0896860986547092,,False,0.09529914529914527,-0.005555555555555564
pneumonia,pretrained,4,contrast_up,4,0.8747863247863248,0.894017094017094,0.10598290598290605,1.0896860986547092,,False,0.09529914529914527,-0.005555555555555564
pneumonia,pretrained,4,contrast_up,5,0.8747863247863248,0.9132478632478633,0.08675213675213667,1.0896860986547092,,False,0.09529914529914527,-0.005555555555555564
pneumonia,scratch,0,contrast_up,1,0.808974358974359,0.8175213675213675,0.1824786324786325,1.7659192825112113,,False,0.09529914529914527,-0.005555555555555564
pneumonia,scratch,0,contrast_up,2,0.808974358974359,0.8324786324786325,0.16752136752136748,1.7659192825112113,,False,0.09529914529914527,-0.005555555555555564
pneumonia,scratch,0,contrast_up,3,0.808974358974359,0.8376068376068376,0.16239316239316237,1.7659192825112113,,False,0.09529914529914527,-0.005555555555555564
pneumonia,scratch,0,contrast_up,4,0.808974358974359,0.8311965811965812,0.16880341880341876,1.7659192825112113,,False,0.09529914529914527,-0.005555555555555564
pneumonia,scratch,0,contrast_up,5,0.808974358974359,0.8397435897435898,0.16025641025641024,1.7659192825112113,,False,0.09529914529914527,-0.005555555555555564
pneumonia,scratch,1,contrast_up,1,0.8247863247863247,0.8333333333333334,0.16666666666666663,1.595515695067265,,False,0.09529914529914527,-0.005555555555555564
pneumonia,scratch,1,contrast_up,2,0.8247863247863247,0.8457264957264957,0.15427350427350428,1.595515695067265,,False,0.09529914529914527,-0.005555555555555564
pneumonia,scratch,1,contrast_up,3,0.8247863247863247,0.852991452991453,0.14700854700854704,1.595515695067265,,False,0.09529914529914527,-0.005555555555555564
pneumonia,scratch,1,contrast_up,4,0.8247863247863247,0.8495726495726496,0.15042735042735045,1.595515695067265,,False,0.09529914529914527,-0.005555555555555564
pneumonia,scratch,1,contrast_up,5,0.8247863247863247,0.8581196581196582,0.14188034188034182,1.595515695067265,,False,0.09529914529914527,-0.005555555555555564
pneumonia,scratch,2,contrast_up,1,0.7790598290598291,0.8158119658119658,0.1841880341880342,1.5946188340807181,,False,0.09529914529914527,-0.005555555555555564
pneumonia,scratch,2,contrast_up,2,0.7790598290598291,0.8401709401709401,0.15982905982905993,1.5946188340807181,,False,0.09529914529914527,-0.005555555555555564
pneumonia,scratch,2,contrast_up,3,0.7790598290598291,0.855982905982906,0.14401709401709395,1.5946188340807181,,False,0.09529914529914527,-0.005555555555555564
pneumonia,scratch,2,contrast_up,4,0.7790598290598291,0.8606837606837607,0.13931623931623927,1.5946188340807181,,False,0.09529914529914527,-0.005555555555555564
pneumonia,scratch,2,contrast_up,5,0.7790598290598291,0.8675213675213675,0.13247863247863245,1.5946188340807181,,False,0.09529914529914527,-0.005555555555555564
pneumonia,scratch,3,contrast_up,1,0.8196581196581196,0.8367521367521368,0.16324786324786322,1.5210762331838568,,False,0.09529914529914527,-0.005555555555555564
pneumonia,scratch,3,contrast_up,2,0.8196581196581196,0.8547008547008548,0.14529914529914523,1.5210762331838568,,False,0.09529914529914527,-0.005555555555555564
pneumonia,scratch,3,contrast_up,3,0.8196581196581196,0.858974358974359,0.14102564102564097,1.5210762331838568,,False,0.09529914529914527,-0.005555555555555564
pneumonia,scratch,3,contrast_up,4,0.8196581196581196,0.8696581196581197,0.13034188034188032,1.5210762331838568,,False,0.09529914529914527,-0.005555555555555564
pneumonia,scratch,3,contrast_up,5,0.8196581196581196,0.8551282051282051,0.1448717948717949,1.5210762331838568,,False,0.09529914529914527,-0.005555555555555564
pneumonia,scratch,4,contrast_up,1,0.8111111111111111,0.8474358974358975,0.15256410256410247,1.3390134529147988,,False,0.09529914529914527,-0.005555555555555564
pneumonia,scratch,4,contrast_up,2,0.8111111111111111,0.8662393162393163,0.13376068376068373,1.3390134529147988,,False,0.09529914529914527,-0.005555555555555564
pneumonia,scratch,4,contrast_up,3,0.8111111111111111,0.8713675213675214,0.12863247863247862,1.3390134529147988,,False,0.09529914529914527,-0.005555555555555564
pneumonia,scratch,4,contrast_up,4,0.8111111111111111,0.885042735042735,0.11495726495726499,1.3390134529147988,,False,0.09529914529914527,-0.005555555555555564
pneumonia,scratch,4,contrast_up,5,0.8111111111111111,0.8918803418803418,0.10811965811965818,1.3390134529147988,,False,0.09529914529914527,-0.005555555555555564
pneumonia,pretrained,0,contrast_down,1,0.9098290598290598,0.9068376068376068,0.09316239316239316,0.7674586033117351,0.673967459324155,True,0.23743589743589744,0.1365811965811966
pneumonia,pretrained,0,contrast_down,2,0.9098290598290598,0.8833333333333333,0.1166666666666667,0.7674586033117351,0.673967459324155,True,0.23743589743589744,0.1365811965811966
pneumonia,pretrained,0,contrast_down,3,0.9098290598290598,0.8512820512820514,0.14871794871794863,0.7674586033117351,0.673967459324155,True,0.23743589743589744,0.1365811965811966
pneumonia,pretrained,0,contrast_down,4,0.9098290598290598,0.8042735042735043,0.1957264957264957,0.7674586033117351,0.673967459324155,True,0.23743589743589744,0.1365811965811966
pneumonia,pretrained,0,contrast_down,5,0.9098290598290598,0.6431623931623931,0.3568376068376069,0.7674586033117351,0.673967459324155,True,0.23743589743589744,0.1365811965811966
pneumonia,pretrained,1,contrast_down,1,0.8713675213675214,0.847008547008547,0.152991452991453,1.073794096472282,0.9249061326658322,True,0.23743589743589744,0.1365811965811966
pneumonia,pretrained,1,contrast_down,2,0.8713675213675214,0.811965811965812,0.18803418803418803,1.073794096472282,0.9249061326658322,True,0.23743589743589744,0.1365811965811966
pneumonia,pretrained,1,contrast_down,3,0.8713675213675214,0.7777777777777778,0.2222222222222222,1.073794096472282,0.9249061326658322,True,0.23743589743589744,0.1365811965811966
pneumonia,pretrained,1,contrast_down,4,0.8713675213675214,0.7243589743589743,0.27564102564102566,1.073794096472282,0.9249061326658322,True,0.23743589743589744,0.1365811965811966
pneumonia,pretrained,1,contrast_down,5,0.8713675213675214,0.5641025641025641,0.4358974358974359,1.073794096472282,0.9249061326658322,True,0.23743589743589744,0.1365811965811966
pneumonia,pretrained,2,contrast_down,1,0.8833333333333333,0.8726495726495727,0.12735042735042734,0.9280057595392369,0.7590738423028783,True,0.23743589743589744,0.1365811965811966
pneumonia,pretrained,2,contrast_down,2,0.8833333333333333,0.8547008547008548,0.14529914529914523,0.9280057595392369,0.7590738423028783,True,0.23743589743589744,0.1365811965811966
pneumonia,pretrained,2,contrast_down,3,0.8833333333333333,0.8205128205128205,0.17948717948717952,0.9280057595392369,0.7590738423028783,True,0.23743589743589744,0.1365811965811966
pneumonia,pretrained,2,contrast_down,4,0.8833333333333333,0.7735042735042735,0.22649572649572647,0.9280057595392369,0.7590738423028783,True,0.23743589743589744,0.1365811965811966
pneumonia,pretrained,2,contrast_down,5,0.8833333333333333,0.5769230769230769,0.42307692307692313,0.9280057595392369,0.7590738423028783,True,0.23743589743589744,0.1365811965811966
pneumonia,pretrained,3,contrast_down,1,0.9055555555555556,0.9017094017094017,0.09829059829059827,0.7973362131029518,0.6946182728410512,True,0.23743589743589744,0.1365811965811966
pneumonia,pretrained,3,contrast_down,2,0.9055555555555556,0.8739316239316239,0.12606837606837606,0.7973362131029518,0.6946182728410512,True,0.23743589743589744,0.1365811965811966
pneumonia,pretrained,3,contrast_down,3,0.9055555555555556,0.8504273504273504,0.1495726495726496,0.7973362131029518,0.6946182728410512,True,0.23743589743589744,0.1365811965811966
pneumonia,pretrained,3,contrast_down,4,0.9055555555555556,0.8034188034188035,0.19658119658119655,0.7973362131029518,0.6946182728410512,True,0.23743589743589744,0.1365811965811966
pneumonia,pretrained,3,contrast_down,5,0.9055555555555556,0.6239316239316239,0.37606837606837606,0.7973362131029518,0.6946182728410512,True,0.23743589743589744,0.1365811965811966
pneumonia,pretrained,4,contrast_down,1,0.8747863247863248,0.861965811965812,0.138034188034188,0.8833693304535635,0.6188986232790984,True,0.23743589743589744,0.1365811965811966
pneumonia,pretrained,4,contrast_down,2,0.8747863247863248,0.8405982905982906,0.1594017094017094,0.8833693304535635,0.6188986232790984,True,0.23743589743589744,0.1365811965811966
pneumonia,pretrained,4,contrast_down,3,0.8747863247863248,0.8085470085470086,0.19145299145299144,0.8833693304535635,0.6188986232790984,True,0.23743589743589744,0.1365811965811966
pneumonia,pretrained,4,contrast_down,4,0.8747863247863248,0.7863247863247863,0.2136752136752137,0.8833693304535635,0.6188986232790984,True,0.23743589743589744,0.1365811965811966
pneumonia,pretrained,4,contrast_down,5,0.8747863247863248,0.6538461538461539,0.34615384615384615,0.8833693304535635,0.6188986232790984,True,0.23743589743589744,0.1365811965811966
pneumonia,scratch,0,contrast_down,1,0.808974358974359,0.77008547008547,0.22991452991452999,1.4661627069834413,1.1501877346683353,True,0.23743589743589744,0.1365811965811966
pneumonia,scratch,0,contrast_down,2,0.808974358974359,0.7286324786324786,0.2713675213675214,1.4661627069834413,1.1501877346683353,True,0.23743589743589744,0.1365811965811966
pneumonia,scratch,0,contrast_down,3,0.808974358974359,0.6688034188034189,0.33119658119658113,1.4661627069834413,1.1501877346683353,True,0.23743589743589744,0.1365811965811966
pneumonia,scratch,0,contrast_down,4,0.808974358974359,0.5918803418803419,0.4081196581196581,1.4661627069834413,1.1501877346683353,True,0.23743589743589744,0.1365811965811966
pneumonia,scratch,0,contrast_down,5,0.808974358974359,0.5,0.5,1.4661627069834413,1.1501877346683353,True,0.23743589743589744,0.1365811965811966
pneumonia,scratch,1,contrast_down,1,0.8247863247863247,0.7991452991452992,0.2008547008547008,1.31605471562275,1.0050062578222771,True,0.23743589743589744,0.1365811965811966
pneumonia,scratch,1,contrast_down,2,0.8247863247863247,0.752991452991453,0.24700854700854702,1.31605471562275,1.0050062578222771,True,0.23743589743589744,0.1365811965811966
pneumonia,scratch,1,contrast_down,3,0.8247863247863247,0.7123931623931624,0.2876068376068376,1.31605471562275,1.0050062578222771,True,0.23743589743589744,0.1365811965811966
pneumonia,scratch,1,contrast_down,4,0.8247863247863247,0.6688034188034189,0.33119658119658113,1.31605471562275,1.0050062578222771,True,0.23743589743589744,0.1365811965811966
pneumonia,scratch,1,contrast_down,5,0.8247863247863247,0.5042735042735043,0.49572649572649574,1.31605471562275,1.0050062578222771,True,0.23743589743589744,0.1365811965811966
pneumonia,scratch,2,contrast_down,1,0.7790598290598291,0.7517094017094017,0.2482905982905983,1.4902807775377969,0.9730913642052562,True,0.23743589743589744,0.1365811965811966
pneumonia,scratch,2,contrast_down,2,0.7790598290598291,0.7081196581196582,0.29188034188034184,1.4902807775377969,0.9730913642052562,True,0.23743589743589744,0.1365811965811966
pneumonia,scratch,2,contrast_down,3,0.7790598290598291,0.6611111111111111,0.3388888888888889,1.4902807775377969,0.9730913642052562,True,0.23743589743589744,0.1365811965811966
pneumonia,scratch,2,contrast_down,4,0.7790598290598291,0.6098290598290599,0.3901709401709401,1.4902807775377969,0.9730913642052562,True,0.23743589743589744,0.1365811965811966
pneumonia,scratch,2,contrast_down,5,0.7790598290598291,0.5,0.5,1.4902807775377969,0.9730913642052562,True,0.23743589743589744,0.1365811965811966
pneumonia,scratch,3,contrast_down,1,0.8196581196581196,0.802991452991453,0.19700854700854697,1.3776097912167027,1.0744680851063826,True,0.23743589743589744,0.1365811965811966
pneumonia,scratch,3,contrast_down,2,0.8196581196581196,0.752991452991453,0.24700854700854702,1.3776097912167027,1.0744680851063826,True,0.23743589743589744,0.1365811965811966
pneumonia,scratch,3,contrast_down,3,0.8196581196581196,0.6995726495726495,0.30042735042735047,1.3776097912167027,1.0744680851063826,True,0.23743589743589744,0.1365811965811966
pneumonia,scratch,3,contrast_down,4,0.8196581196581196,0.608974358974359,0.39102564102564097,1.3776097912167027,1.0744680851063826,True,0.23743589743589744,0.1365811965811966
pneumonia,scratch,3,contrast_down,5,0.8196581196581196,0.5,0.5,1.3776097912167027,1.0744680851063826,True,0.23743589743589744,0.1365811965811966
pneumonia,scratch,4,contrast_down,1,0.8111111111111111,0.7923076923076924,0.20769230769230762,1.3628509719222461,0.9862327909887356,True,0.23743589743589744,0.1365811965811966
pneumonia,scratch,4,contrast_down,2,0.8111111111111111,0.767094017094017,0.23290598290598297,1.3628509719222461,0.9862327909887356,True,0.23743589743589744,0.1365811965811966
pneumonia,scratch,4,contrast_down,3,0.8111111111111111,0.6987179487179487,0.3012820512820513,1.3628509719222461,0.9862327909887356,True,0.23743589743589744,0.1365811965811966
pneumonia,scratch,4,contrast_down,4,0.8111111111111111,0.6196581196581197,0.3803418803418803,1.3628509719222461,0.9862327909887356,True,0.23743589743589744,0.1365811965811966
pneumonia,scratch,4,contrast_down,5,0.8111111111111111,0.5042735042735043,0.49572649572649574,1.3628509719222461,0.9862327909887356,True,0.23743589743589744,0.1365811965811966
pneumonia,pretrained,0,gamma_corr_up,1,0.9098290598290598,0.9183760683760684,0.08162393162393156,0.7731316725978644,,False,0.09606837606837607,-0.004786324786324764
pneumonia,pretrained,0,gamma_corr_up,2,0.9098290598290598,0.9290598290598291,0.07094017094017091,0.7731316725978644,,False,0.09606837606837607,-0.004786324786324764
pneumonia,pretrained,0,gamma_corr_up,3,0.9098290598290598,0.9290598290598291,0.07094017094017091,0.7731316725978644,,False,0.09606837606837607,-0.004786324786324764
pneumonia,pretrained,0,gamma_corr_up,4,0.9098290598290598,0.9277777777777778,0.07222222222222219,0.7731316725978644,,False,0.09606837606837607,-0.004786324786324764
pneumonia,pretrained,0,gamma_corr_up,5,0.9098290598290598,0.9243589743589744,0.0756410256410256,0.7731316725978644,,False,0.09606837606837607,-0.004786324786324764
pneumonia,pretrained,1,gamma_corr_up,1,0.8713675213675214,0.8841880341880342,0.11581196581196584,1.1903914590747335,,False,0.09606837606837607,-0.004786324786324764
pneumonia,pretrained,1,gamma_corr_up,2,0.8713675213675214,0.8884615384615384,0.11153846153846159,1.1903914590747335,,False,0.09606837606837607,-0.004786324786324764
pneumonia,pretrained,1,gamma_corr_up,3,0.8713675213675214,0.8927350427350427,0.10726495726495733,1.1903914590747335,,False,0.09606837606837607,-0.004786324786324764
pneumonia,pretrained,1,gamma_corr_up,4,0.8713675213675214,0.8905982905982905,0.10940170940170946,1.1903914590747335,,False,0.09606837606837607,-0.004786324786324764
pneumonia,pretrained,1,gamma_corr_up,5,0.8713675213675214,0.8722222222222222,0.12777777777777777,1.1903914590747335,,False,0.09606837606837607,-0.004786324786324764
pneumonia,pretrained,2,gamma_corr_up,1,0.8833333333333333,0.8876068376068376,0.11239316239316244,1.1610320284697515,,False,0.09606837606837607,-0.004786324786324764
pneumonia,pretrained,2,gamma_corr_up,2,0.8833333333333333,0.8918803418803418,0.10811965811965818,1.1610320284697515,,False,0.09606837606837607,-0.004786324786324764
pneumonia,pretrained,2,gamma_corr_up,3,0.8833333333333333,0.8918803418803418,0.10811965811965818,1.1610320284697515,,False,0.09606837606837607,-0.004786324786324764
pneumonia,pretrained,2,gamma_corr_up,4,0.8833333333333333,0.8876068376068376,0.11239316239316244,1.1610320284697515,,False,0.09606837606837607,-0.004786324786324764
pneumonia,pretrained,2,gamma_corr_up,5,0.8833333333333333,0.8833333333333333,0.1166666666666667,1.1610320284697515,,False,0.09606837606837607,-0.004786324786324764
pneumonia,pretrained,3,gamma_corr_up,1,0.9055555555555556,0.9055555555555556,0.09444444444444444,0.9813167259786477,,False,0.09606837606837607,-0.004786324786324764
pneumonia,pretrained,3,gamma_corr_up,2,0.9055555555555556,0.9098290598290598,0.09017094017094018,0.9813167259786477,,False,0.09606837606837607,-0.004786324786324764
pneumonia,pretrained,3,gamma_corr_up,3,0.9055555555555556,0.9076923076923077,0.09230769230769231,0.9813167259786477,,False,0.09606837606837607,-0.004786324786324764
pneumonia,pretrained,3,gamma_corr_up,4,0.9055555555555556,0.9021367521367522,0.09786324786324785,0.9813167259786477,,False,0.09606837606837607,-0.004786324786324764
pneumonia,pretrained,3,gamma_corr_up,5,0.9055555555555556,0.9034188034188034,0.09658119658119657,0.9813167259786477,,False,0.09606837606837607,-0.004786324786324764
pneumonia,pretrained,4,gamma_corr_up,1,0.8747863247863248,0.8833333333333333,0.1166666666666667,1.1165480427046268,,False,0.09606837606837607,-0.004786324786324764
pneumonia,pretrained,4,gamma_corr_up,2,0.8747863247863248,0.8833333333333333,0.1166666666666667,1.1165480427046268,,False,0.09606837606837607,-0.004786324786324764
pneumonia,pretrained,4,gamma_corr_up,3,0.8747863247863248,0.8961538461538461,0.10384615384615392,1.1165480427046268,,False,0.09606837606837607,-0.004786324786324764
pneumonia,pretrained,4,gamma_corr_up,4,0.8747863247863248,0.8961538461538461,0.10384615384615392,1.1165480427046268,,False,0.09606837606837607,-0.004786324786324764
pneumonia,pretrained,4,gamma_corr_up,5,0.8747863247863248,0.9047008547008547,0.0952991452991453,1.1165480427046268,,False,0.09606837606837607,-0.004786324786324764
pneumonia,scratch,0,gamma_corr_up,1,0.808974358974359,0.8111111111111111,0.18888888888888888,2.0409252669039146,,False,0.09606837606837607,-0.004786324786324764
pneumonia,scratch,0,gamma_corr_up,2,0.808974358974359,0.808974358974359,0.191025641025641,2.0409252669039146,,False,0.09606837606837607,-0.004786324786324764
pneumonia,scratch,0,gamma_corr_up,3,0.808974358974359,0.8153846153846154,0.18461538461538463,2.0409252669039146,,False,0.09606837606837607,-0.004786324786324764
pneumonia,scratch,0,gamma_corr_up,4,0.808974358974359,0.8004273504273505,0.19957264957264953,2.0409252669039146,,False,0.09606837606837607,-0.004786324786324764
pneumonia,scratch,0,gamma_corr_up,5,0.808974358974359,0.7837606837606838,0.21623931623931625,2.0409252669039146,,False,0.09606837606837607,-0.004786324786324764
pneumonia,scratch,1,gamma_corr_up,1,0.8247863247863247,0.8162393162393162,0.18376068376068377,2.249110320284697,,False,0.09606837606837607,-0.004786324786324764
pneumonia,scratch,1,gamma_corr_up,2,0.8247863247863247,0.8034188034188035,0.19658119658119655,2.249110320284697,,False,0.09606837606837607,-0.004786324786324764
pneumonia,scratch,1,gamma_corr_up,3,0.8247863247863247,0.7931623931623932,0.20683760683760677,2.249110320284697,,False,0.09606837606837607,-0.004786324786324764
pneumonia,scratch,1,gamma_corr_up,4,0.8247863247863247,0.7726495726495727,0.22735042735042732,2.249110320284697,,False,0.09606837606837607,-0.004786324786324764
pneumonia,scratch,1,gamma_corr_up,5,0.8247863247863247,0.7341880341880342,0.26581196581196576,2.249110320284697,,False,0.09606837606837607,-0.004786324786324764
pneumonia,scratch,2,gamma_corr_up,1,0.7790598290598291,0.8025641025641026,0.1974358974358974,1.8532028469750894,,False,0.09606837606837607,-0.004786324786324764
pneumonia,scratch,2,gamma_corr_up,2,0.7790598290598291,0.8217948717948718,0.17820512820512824,1.8532028469750894,,False,0.09606837606837607,-0.004786324786324764
pneumonia,scratch,2,gamma_corr_up,3,0.7790598290598291,0.8286324786324786,0.17136752136752142,1.8532028469750894,,False,0.09606837606837607,-0.004786324786324764
pneumonia,scratch,2,gamma_corr_up,4,0.7790598290598291,0.8303418803418803,0.16965811965811972,1.8532028469750894,,False,0.09606837606837607,-0.004786324786324764
pneumonia,scratch,2,gamma_corr_up,5,0.7790598290598291,0.8264957264957264,0.17350427350427355,1.8532028469750894,,False,0.09606837606837607,-0.004786324786324764
pneumonia,scratch,3,gamma_corr_up,1,0.8196581196581196,0.8337606837606838,0.1662393162393162,1.7144128113879002,,False,0.09606837606837607,-0.004786324786324764
pneumonia,scratch,3,gamma_corr_up,2,0.8196581196581196,0.8457264957264957,0.15427350427350428,1.7144128113879002,,False,0.09606837606837607,-0.004786324786324764
pneumonia,scratch,3,gamma_corr_up,3,0.8196581196581196,0.8423076923076923,0.1576923076923077,1.7144128113879002,,False,0.09606837606837607,-0.004786324786324764
pneumonia,scratch,3,gamma_corr_up,4,0.8196581196581196,0.8423076923076923,0.1576923076923077,1.7144128113879002,,False,0.09606837606837607,-0.004786324786324764
pneumonia,scratch,3,gamma_corr_up,5,0.8196581196581196,0.8123931623931624,0.1876068376068376,1.7144128113879002,,False,0.09606837606837607,-0.004786324786324764
pneumonia,scratch,4,gamma_corr_up,1,0.8111111111111111,0.8153846153846154,0.18461538461538463,1.9822064056939503,,False,0.09606837606837607,-0.004786324786324764
pneumonia,scratch,4,gamma_corr_up,2,0.8111111111111111,0.8196581196581196,0.18034188034188037,1.9822064056939503,,False,0.09606837606837607,-0.004786324786324764
pneumonia,scratch,4,gamma_corr_up,3,0.8111111111111111,0.8132478632478632,0.18675213675213675,1.9822064056939503,,False,0.09606837606837607,-0.004786324786324764
pneumonia,scratch,4,gamma_corr_up,4,0.8111111111111111,0.808974358974359,0.191025641025641,1.9822064056939503,,False,0.09606837606837607,-0.004786324786324764
pneumonia,scratch,4,gamma_corr_up,5,0.8111111111111111,0.7905982905982907,0.20940170940170932,1.9822064056939503,,False,0.09606837606837607,-0.004786324786324764
pneumonia,pretrained,0,gamma_corr_down,1,0.9098290598290598,0.9025641025641026,0.09743589743589742,1.2100667693888032,1.696219035202085,True,0.16641025641025642,0.06555555555555559
pneumonia,pretrained,0,gamma_corr_down,2,0.9098290598290598,0.8683760683760684,0.1316239316239316,1.2100667693888032,1.696219035202085,True,0.16641025641025642,0.06555555555555559
pneumonia,pretrained,0,gamma_corr_down,3,0.9098290598290598,0.8269230769230769,0.17307692307692313,1.2100667693888032,1.696219035202085,True,0.16641025641025642,0.06555555555555559
pneumonia,pretrained,0,gamma_corr_down,4,0.9098290598290598,0.7799145299145299,0.22008547008547008,1.2100667693888032,1.696219035202085,True,0.16641025641025642,0.06555555555555559
pneumonia,pretrained,0,gamma_corr_down,5,0.9098290598290598,0.6153846153846154,0.3846153846153846,1.2100667693888032,1.696219035202085,True,0.16641025641025642,0.06555555555555559
pneumonia,pretrained,1,gamma_corr_down,1,0.8713675213675214,0.8427350427350427,0.15726495726495726,1.5937339496661531,2.083441981747066,True,0.16641025641025642,0.06555555555555559
pneumonia,pretrained,1,gamma_corr_down,2,0.8713675213675214,0.8226495726495726,0.1773504273504274,1.5937339496661531,2.083441981747066,True,0.16641025641025642,0.06555555555555559
pneumonia,pretrained,1,gamma_corr_down,3,0.8713675213675214,0.7713675213675213,0.2286324786324787,1.5937339496661531,2.083441981747066,True,0.16641025641025642,0.06555555555555559
pneumonia,pretrained,1,gamma_corr_down,4,0.8713675213675214,0.6794871794871795,0.3205128205128205,1.5937339496661531,2.083441981747066,True,0.16641025641025642,0.06555555555555559
pneumonia,pretrained,1,gamma_corr_down,5,0.8713675213675214,0.5576923076923077,0.4423076923076923,1.5937339496661531,2.083441981747066,True,0.16641025641025642,0.06555555555555559
pneumonia,pretrained,2,gamma_corr_down,1,0.8833333333333333,0.8683760683760684,0.1316239316239316,1.2033898305084745,1.2750977835723587,True,0.16641025641025642,0.06555555555555559
pneumonia,pretrained,2,gamma_corr_down,2,0.8833333333333333,0.8568376068376069,0.1431623931623931,1.2033898305084745,1.2750977835723587,True,0.16641025641025642,0.06555555555555559
pneumonia,pretrained,2,gamma_corr_down,3,0.8833333333333333,0.8418803418803419,0.1581196581196581,1.2033898305084745,1.2750977835723587,True,0.16641025641025642,0.06555555555555559
pneumonia,pretrained,2,gamma_corr_down,4,0.8833333333333333,0.8076923076923077,0.1923076923076923,1.2033898305084745,1.2750977835723587,True,0.16641025641025642,0.06555555555555559
pneumonia,pretrained,2,gamma_corr_down,5,0.8833333333333333,0.6239316239316239,0.37606837606837606,1.2033898305084745,1.2750977835723587,True,0.16641025641025642,0.06555555555555559
pneumonia,pretrained,3,gamma_corr_down,1,0.9055555555555556,0.905982905982906,0.09401709401709402,0.8885464817668207,0.8148631029986959,True,0.16641025641025642,0.06555555555555559
pneumonia,pretrained,3,gamma_corr_down,2,0.9055555555555556,0.8931623931623931,0.1068376068376069,0.8885464817668207,0.8148631029986959,True,0.16641025641025642,0.06555555555555559
pneumonia,pretrained,3,gamma_corr_down,3,0.9055555555555556,0.8803418803418803,0.11965811965811968,0.8885464817668207,0.8148631029986959,True,0.16641025641025642,0.06555555555555559
pneumonia,pretrained,3,gamma_corr_down,4,0.9055555555555556,0.8482905982905983,0.15170940170940173,0.8885464817668207,0.8148631029986959,True,0.16641025641025642,0.06555555555555559
pneumonia,pretrained,3,gamma_corr_down,5,0.9055555555555556,0.732905982905983,0.26709401709401703,0.8885464817668207,0.8148631029986959,True,0.16641025641025642,0.06555555555555559
pneumonia,pretrained,4,gamma_corr_down,1,0.8747863247863248,0.8683760683760684,0.1316239316239316,1.3025166923472007,1.3963494132985648,True,0.16641025641025642,0.06555555555555559
pneumonia,pretrained,4,gamma_corr_down,2,0.8747863247863248,0.8491452991452991,0.15085470085470087,1.3025166923472007,1.3963494132985648,True,0.16641025641025642,0.06555555555555559
pneumonia,pretrained,4,gamma_corr_down,3,0.8747863247863248,0.811965811965812,0.18803418803418803,1.3025166923472007,1.3963494132985648,True,0.16641025641025642,0.06555555555555559
pneumonia,pretrained,4,gamma_corr_down,4,0.8747863247863248,0.7777777777777778,0.2222222222222222,1.3025166923472007,1.3963494132985648,True,0.16641025641025642,0.06555555555555559
pneumonia,pretrained,4,gamma_corr_down,5,0.8747863247863248,0.608974358974359,0.39102564102564097,1.3025166923472007,1.3963494132985648,True,0.16641025641025642,0.06555555555555559
pneumonia,scratch,0,gamma_corr_down,1,0.808974358974359,0.7893162393162394,0.2106837606837606,1.8418079096045197,1.7614080834419807,True,0.16641025641025642,0.06555555555555559
pneumonia,scratch,0,gamma_corr_down,2,0.808974358974359,0.7615384615384615,0.2384615384615385,1.8418079096045197,1.7614080834419807,True,0.16641025641025642,0.06555555555555559
pneumonia,scratch,0,gamma_corr_down,3,0.808974358974359,0.7264957264957265,0.27350427350427353,1.8418079096045197,1.7614080834419807,True,0.16641025641025642,0.06555555555555559
pneumonia,scratch,0,gamma_corr_down,4,0.808974358974359,0.6645299145299145,0.3354700854700855,1.8418079096045197,1.7614080834419807,True,0.16641025641025642,0.06555555555555559
pneumonia,scratch,0,gamma_corr_down,5,0.808974358974359,0.5256410256410257,0.47435897435897434,1.8418079096045197,1.7614080834419807,True,0.16641025641025642,0.06555555555555559
pneumonia,scratch,1,gamma_corr_down,1,0.8247863247863247,0.8239316239316239,0.1760683760683761,1.637904468412943,1.4850065189048227,True,0.16641025641025642,0.06555555555555559
pneumonia,scratch,1,gamma_corr_down,2,0.8247863247863247,0.802991452991453,0.19700854700854697,1.637904468412943,1.4850065189048227,True,0.16641025641025642,0.06555555555555559
pneumonia,scratch,1,gamma_corr_down,3,0.8247863247863247,0.7829059829059829,0.2170940170940171,1.637904468412943,1.4850065189048227,True,0.16641025641025642,0.06555555555555559
pneumonia,scratch,1,gamma_corr_down,4,0.8247863247863247,0.7123931623931624,0.2876068376068376,1.637904468412943,1.4850065189048227,True,0.16641025641025642,0.06555555555555559
pneumonia,scratch,1,gamma_corr_down,5,0.8247863247863247,0.5149572649572649,0.4850427350427351,1.637904468412943,1.4850065189048227,True,0.16641025641025642,0.06555555555555559
pneumonia,scratch,2,gamma_corr_down,1,0.7790598290598291,0.7662393162393162,0.23376068376068382,1.9404211607601438,1.5554106910039112,True,0.16641025641025642,0.06555555555555559
pneumonia,scratch,2,gamma_corr_down,2,0.7790598290598291,0.752991452991453,0.24700854700854702,1.9404211607601438,1.5554106910039112,True,0.16641025641025642,0.06555555555555559
pneumonia,scratch,2,gamma_corr_down,3,0.7790598290598291,0.7145299145299145,0.28547008547008546,1.9404211607601438,1.5554106910039112,True,0.16641025641025642,0.06555555555555559
pneumonia,scratch,2,gamma_corr_down,4,0.7790598290598291,0.6431623931623931,0.3568376068376069,1.9404211607601438,1.5554106910039112,True,0.16641025641025642,0.06555555555555559
pneumonia,scratch,2,gamma_corr_down,5,0.7790598290598291,0.5085470085470085,0.4914529914529915,1.9404211607601438,1.5554106910039112,True,0.16641025641025642,0.06555555555555559
pneumonia,scratch,3,gamma_corr_down,1,0.8196581196581196,0.8188034188034188,0.18119658119658122,1.7596302003081663,1.715775749674053,True,0.16641025641025642,0.06555555555555559
pneumonia,scratch,3,gamma_corr_down,2,0.8196581196581196,0.7944444444444445,0.2055555555555555,1.7596302003081663,1.715775749674053,True,0.16641025641025642,0.06555555555555559
pneumonia,scratch,3,gamma_corr_down,3,0.8196581196581196,0.7401709401709402,0.2598290598290598,1.7596302003081663,1.715775749674053,True,0.16641025641025642,0.06555555555555559
pneumonia,scratch,3,gamma_corr_down,4,0.8196581196581196,0.6653846153846154,0.33461538461538465,1.7596302003081663,1.715775749674053,True,0.16641025641025642,0.06555555555555559
pneumonia,scratch,3,gamma_corr_down,5,0.8196581196581196,0.5170940170940171,0.48290598290598286,1.7596302003081663,1.715775749674053,True,0.16641025641025642,0.06555555555555559
pneumonia,scratch,4,gamma_corr_down,1,0.8111111111111111,0.8188034188034188,0.18119658119658122,1.6343091936312275,1.267275097783572,True,0.16641025641025642,0.06555555555555559
pneumonia,scratch,4,gamma_corr_down,2,0.8111111111111111,0.8042735042735043,0.1957264957264957,1.6343091936312275,1.267275097783572,True,0.16641025641025642,0.06555555555555559
pneumonia,scratch,4,gamma_corr_down,3,0.8111111111111111,0.7799145299145299,0.22008547008547008,1.6343091936312275,1.267275097783572,True,0.16641025641025642,0.06555555555555559
pneumonia,scratch,4,gamma_corr_down,4,0.8111111111111111,0.7072649572649573,0.2927350427350427,1.6343091936312275,1.267275097783572,True,0.16641025641025642,0.06555555555555559
pneumonia,scratch,4,gamma_corr_down,5,0.8111111111111111,0.5299145299145299,0.4700854700854701,1.6343091936312275,1.267275097783572,True,0.16641025641025642,0.06555555555555559
